what,kind,bundleId,bundleVersion,description,time
activated,editor,org.eclipse.cdt.ui,5.3.2.201202111925,"org.eclipse.cdt.ui.editor.CEditor",1343828654591
activated,view,org.eclipse.search,3.7.0.v20110928-1504,"org.eclipse.search.ui.views.SearchView",1343828656418
activated,editor,org.eclipse.cdt.ui,5.3.2.201202111925,"org.eclipse.cdt.ui.editor.CEditor",1343828656611
activated,view,org.eclipse.search,3.7.0.v20110928-1504,"org.eclipse.search.ui.views.SearchView",1343828657407
activated,editor,org.eclipse.cdt.ui,5.3.2.201202111925,"org.eclipse.cdt.ui.editor.CEditor",1343828657609
activated,view,org.eclipse.search,3.7.0.v20110928-1504,"org.eclipse.search.ui.views.SearchView",1343828658918
activated,editor,org.eclipse.cdt.ui,5.3.2.201202111925,"org.eclipse.cdt.ui.editor.CEditor",1343828659103
activated,view,org.eclipse.search,3.7.0.v20110928-1504,"org.eclipse.search.ui.views.SearchView",1343828660926
activated,editor,org.eclipse.cdt.ui,5.3.2.201202111925,"org.eclipse.cdt.ui.editor.CEditor",1343828661143
activated,view,org.eclipse.search,3.7.0.v20110928-1504,"org.eclipse.search.ui.views.SearchView",1343828667734
activated,editor,org.eclipse.cdt.ui,5.3.2.201202111925,"org.eclipse.cdt.ui.editor.CEditor",1343828667925
activated,view,org.eclipse.search,3.7.0.v20110928-1504,"org.eclipse.search.ui.views.SearchView",1343828682958
activated,editor,org.eclipse.cdt.ui,5.3.2.201202111925,"org.eclipse.cdt.ui.editor.CEditor",1343828684032
activated,view,org.eclipse.search,3.7.0.v20110928-1504,"org.eclipse.search.ui.views.SearchView",1343828688925
activated,editor,org.eclipse.cdt.ui,5.3.2.201202111925,"org.eclipse.cdt.ui.editor.CEditor",1343828689446
activated,view,org.eclipse.search,3.7.0.v20110928-1504,"org.eclipse.search.ui.views.SearchView",1343828690521
activated,editor,org.eclipse.cdt.ui,5.3.2.201202111925,"org.eclipse.cdt.ui.editor.CEditor",1343828690749
activated,view,org.eclipse.search,3.7.0.v20110928-1504,"org.eclipse.search.ui.views.SearchView",1343828691499
activated,editor,org.eclipse.cdt.ui,5.3.2.201202111925,"org.eclipse.cdt.ui.editor.CEditor",1343828693039
activated,view,org.eclipse.search,3.7.0.v20110928-1504,"org.eclipse.search.ui.views.SearchView",1343828693847
activated,editor,org.eclipse.cdt.ui,5.3.2.201202111925,"org.eclipse.cdt.ui.editor.CEditor",1343828694055
activated,view,org.eclipse.ui.views,3.6.0.v20110928-1505,"org.eclipse.ui.views.ContentOutline",1343828696148
activated,editor,org.eclipse.cdt.ui,5.3.2.201202111925,"org.eclipse.cdt.ui.editor.CEditor",1343828709678
executed,command,org.eclipse.ui,3.7.0.v20110928-1505,"org.eclipse.ui.file.save",1343828717013
activated,editor,org.eclipse.cdt.ui,5.3.2.201202111925,"org.eclipse.cdt.ui.editor.CEditor",1343828721157
deactivated,workbench,org.eclipse.ui.workbench,3.7.1.v20120104-1859,"",1343828723084
activated,workbench,org.eclipse.ui.workbench,3.7.1.v20120104-1859,"",1343828729014
activated,editor,org.eclipse.cdt.ui,5.3.2.201202111925,"org.eclipse.cdt.ui.editor.CEditor",1343828742356
executed,command,org.eclipse.ui,3.7.0.v20110928-1505,"org.eclipse.ui.file.save",1343828793444
executed,command,org.eclipse.ui,3.7.0.v20110928-1505,"org.eclipse.ui.file.save",1343828809193
activated,editor,org.eclipse.cdt.ui,5.3.2.201202111925,"org.eclipse.cdt.ui.editor.CEditor",1343828810731
executed,command,org.eclipse.ui,3.7.0.v20110928-1505,"org.eclipse.ui.file.save",1343828822136
executed,command,org.eclipse.ui,3.7.0.v20110928-1505,"org.eclipse.ui.file.save",1343828830644
deactivated,workbench,org.eclipse.ui.workbench,3.7.1.v20120104-1859,"",1343828832476
activated,workbench,org.eclipse.ui.workbench,3.7.1.v20120104-1859,"",1343828843964
activated,editor,org.eclipse.cdt.ui,5.3.2.201202111925,"org.eclipse.cdt.ui.editor.CEditor",1343828849037
executed,command,org.eclipse.ui,3.7.0.v20110928-1505,"org.eclipse.ui.file.save",1343828856587
deactivated,workbench,org.eclipse.ui.workbench,3.7.1.v20120104-1859,"",1343828857853
activated,workbench,org.eclipse.ui.workbench,3.7.1.v20120104-1859,"",1343828864327
executed,command,org.eclipse.ui,3.7.0.v20110928-1505,"org.eclipse.ui.file.save",1343828893829
deactivated,workbench,org.eclipse.ui.workbench,3.7.1.v20120104-1859,"",1343828896520
activated,workbench,org.eclipse.ui.workbench,3.7.1.v20120104-1859,"",1343828911625
activated,editor,org.eclipse.cdt.ui,5.3.2.201202111925,"org.eclipse.cdt.ui.editor.CEditor",1343828913022
activated,editor,org.eclipse.cdt.ui,5.3.2.201202111925,"org.eclipse.cdt.ui.editor.CEditor",1343828916559
executed,command,org.eclipse.ui,3.7.0.v20110928-1505,"org.eclipse.ui.edit.copy",1343828925556
executed,command,org.eclipse.ui,3.7.0.v20110928-1505,"org.eclipse.ui.edit.paste",1343828925819
executed,command,org.eclipse.ui,3.7.0.v20110928-1505,"org.eclipse.ui.edit.paste",1343828925949
executed,command,org.eclipse.ui,3.7.0.v20110928-1505,"org.eclipse.ui.file.save",1343828930589
deactivated,workbench,org.eclipse.ui.workbench,3.7.1.v20120104-1859,"",1343828931945
activated,workbench,org.eclipse.ui.workbench,3.7.1.v20120104-1859,"",1343828945974
activated,editor,org.eclipse.cdt.ui,5.3.2.201202111925,"org.eclipse.cdt.ui.editor.CEditor",1343828947577
activated,editor,org.eclipse.cdt.ui,5.3.2.201202111925,"org.eclipse.cdt.ui.editor.CEditor",1343828957247
executed,command,org.eclipse.ui,3.7.0.v20110928-1505,"org.eclipse.ui.edit.copy",1343828962412
executed,command,org.eclipse.ui,3.7.0.v20110928-1505,"org.eclipse.ui.edit.paste",1343828962650
executed,command,org.eclipse.ui,3.7.0.v20110928-1505,"org.eclipse.ui.edit.paste",1343828962824
executed,command,org.eclipse.ui,3.7.0.v20110928-1505,"org.eclipse.ui.file.save",1343828968021
deactivated,workbench,org.eclipse.ui.workbench,3.7.1.v20120104-1859,"",1343828969693
activated,workbench,org.eclipse.ui.workbench,3.7.1.v20120104-1859,"",1343828985805
executed,command,org.eclipse.ui,3.7.0.v20110928-1505,"org.eclipse.ui.file.save",1343828998634
deactivated,workbench,org.eclipse.ui.workbench,3.7.1.v20120104-1859,"",1343828999580
activated,workbench,org.eclipse.ui.workbench,3.7.1.v20120104-1859,"",1343829038778
activated,editor,org.eclipse.cdt.ui,5.3.2.201202111925,"org.eclipse.cdt.ui.editor.CEditor",1343829044339
executed,command,org.eclipse.ui,3.7.0.v20110928-1505,"org.eclipse.ui.file.save",1343829078053
executed,command,org.eclipse.ui,3.7.0.v20110928-1505,"org.eclipse.ui.file.save",1343829095149
deactivated,workbench,org.eclipse.ui.workbench,3.7.1.v20120104-1859,"",1343829099753
activated,workbench,org.eclipse.ui.workbench,3.7.1.v20120104-1859,"",1343829115466
executed,command,org.eclipse.ui,3.7.0.v20110928-1505,"org.eclipse.ui.file.save",1343829167568
deactivated,workbench,org.eclipse.ui.workbench,3.7.1.v20120104-1859,"",1343829171898
activated,workbench,org.eclipse.ui.workbench,3.7.1.v20120104-1859,"",1343829184747
activated,editor,org.eclipse.cdt.ui,5.3.2.201202111925,"org.eclipse.cdt.ui.editor.CEditor",1343829188244
executed,command,org.eclipse.ui,3.7.0.v20110928-1505,"org.eclipse.ui.file.save",1343829197453
deactivated,workbench,org.eclipse.ui.workbench,3.7.1.v20120104-1859,"",1343829198831
activated,workbench,org.eclipse.ui.workbench,3.7.1.v20120104-1859,"",1343829213434
activated,editor,org.eclipse.cdt.ui,5.3.2.201202111925,"org.eclipse.cdt.ui.editor.CEditor",1343829214295
activated,view,org.eclipse.ui.navigator.resources,3.4.300.v20110928-1505,"org.eclipse.ui.navigator.ProjectExplorer",1343829216936
executed,command,org.eclipse.ui,3.7.0.v20110928-1505,"org.eclipse.ui.edit.undo",1343829221235
executed,command,org.eclipse.ui,3.7.0.v20110928-1505,"org.eclipse.ui.edit.undo",1343829223983
executed,command,org.eclipse.ui,3.7.0.v20110928-1505,"org.eclipse.ui.edit.redo",1343829233207
executed,command,org.eclipse.ui,3.7.0.v20110928-1505,"org.eclipse.ui.edit.redo",1343829235151
activated,editor,org.eclipse.cdt.ui,5.3.2.201202111925,"org.eclipse.cdt.ui.editor.CEditor",1343829237177
executed,command,org.eclipse.ui,3.7.0.v20110928-1505,"org.eclipse.ui.edit.undo",1343829240168
executed,command,org.eclipse.ui,3.7.0.v20110928-1505,"org.eclipse.ui.edit.undo",1343829244760
executed,command,org.eclipse.ui,3.7.0.v20110928-1505,"org.eclipse.ui.edit.undo",1343829246563
executed,command,org.eclipse.ui,3.7.0.v20110928-1505,"org.eclipse.ui.edit.undo",1343829249790
executed,command,org.eclipse.ui,3.7.0.v20110928-1505,"org.eclipse.ui.edit.undo",1343829252158
executed,command,org.eclipse.ui,3.7.0.v20110928-1505,"org.eclipse.ui.edit.undo",1343829253984
executed,command,org.eclipse.ui,3.7.0.v20110928-1505,"org.eclipse.ui.edit.undo",1343829255862
executed,command,org.eclipse.ui,3.7.0.v20110928-1505,"org.eclipse.ui.edit.undo",1343829258635
executed,command,org.eclipse.ui,3.7.0.v20110928-1505,"org.eclipse.ui.edit.undo",1343829261944
executed,command,org.eclipse.ui,3.7.0.v20110928-1505,"org.eclipse.ui.file.save",1343829271699
deactivated,workbench,org.eclipse.ui.workbench,3.7.1.v20120104-1859,"",1343829274567
activated,workbench,org.eclipse.ui.workbench,3.7.1.v20120104-1859,"",1343829296394
executed,command,org.eclipse.ui,3.7.0.v20110928-1505,"org.eclipse.ui.file.save",1343829339065
deactivated,workbench,org.eclipse.ui.workbench,3.7.1.v20120104-1859,"",1343829341627
activated,workbench,org.eclipse.ui.workbench,3.7.1.v20120104-1859,"",1343829355060
executed,command,org.eclipse.ui,3.7.0.v20110928-1505,"org.eclipse.ui.file.save",1343829369560
deactivated,workbench,org.eclipse.ui.workbench,3.7.1.v20120104-1859,"",1343829372212
activated,workbench,org.eclipse.ui.workbench,3.7.1.v20120104-1859,"",1343829387061
executed,command,org.eclipse.ui,3.7.0.v20110928-1505,"org.eclipse.ui.file.save",1343829397761
deactivated,workbench,org.eclipse.ui.workbench,3.7.1.v20120104-1859,"",1343829399374
activated,workbench,org.eclipse.ui.workbench,3.7.1.v20120104-1859,"",1343829413234
executed,command,org.eclipse.ui,3.7.0.v20110928-1505,"org.eclipse.ui.file.save",1343829427479
deactivated,workbench,org.eclipse.ui.workbench,3.7.1.v20120104-1859,"",1343829429097
activated,workbench,org.eclipse.ui.workbench,3.7.1.v20120104-1859,"",1343829454745
deactivated,workbench,org.eclipse.ui.workbench,3.7.1.v20120104-1859,"",1343829464870
activated,workbench,org.eclipse.ui.workbench,3.7.1.v20120104-1859,"",1343829480005
executed,command,org.eclipse.ui,3.7.0.v20110928-1505,"org.eclipse.ui.file.save",1343829505276
deactivated,workbench,org.eclipse.ui.workbench,3.7.1.v20120104-1859,"",1343829508300
activated,workbench,org.eclipse.ui.workbench,3.7.1.v20120104-1859,"",1343829523353
executed,command,org.eclipse.ui,3.7.0.v20110928-1505,"org.eclipse.ui.file.save",1343829535940
deactivated,workbench,org.eclipse.ui.workbench,3.7.1.v20120104-1859,"",1343829538420
activated,workbench,org.eclipse.ui.workbench,3.7.1.v20120104-1859,"",1343829554402
executed,command,org.eclipse.ui,3.7.0.v20110928-1505,"org.eclipse.ui.file.save",1343829559048
deactivated,workbench,org.eclipse.ui.workbench,3.7.1.v20120104-1859,"",1343829561040
activated,workbench,org.eclipse.ui.workbench,3.7.1.v20120104-1859,"",1343829574727
executed,command,org.eclipse.ui,3.7.0.v20110928-1505,"org.eclipse.ui.file.save",1343829581272
deactivated,workbench,org.eclipse.ui.workbench,3.7.1.v20120104-1859,"",1343829583108
activated,workbench,org.eclipse.ui.workbench,3.7.1.v20120104-1859,"",1343829598335
executed,command,org.eclipse.ui,3.7.0.v20110928-1505,"org.eclipse.ui.file.save",1343829610316
deactivated,workbench,org.eclipse.ui.workbench,3.7.1.v20120104-1859,"",1343829613218
activated,workbench,org.eclipse.ui.workbench,3.7.1.v20120104-1859,"",1343829648948
executed,command,org.eclipse.ui,3.7.0.v20110928-1505,"org.eclipse.ui.file.save",1343829717224
deactivated,workbench,org.eclipse.ui.workbench,3.7.1.v20120104-1859,"",1343829720533
activated,workbench,org.eclipse.ui.workbench,3.7.1.v20120104-1859,"",1343829739724
deactivated,workbench,org.eclipse.ui.workbench,3.7.1.v20120104-1859,"",1343829741253
activated,workbench,org.eclipse.ui.workbench,3.7.1.v20120104-1859,"",1343829742983
executed,command,org.eclipse.ui,3.7.0.v20110928-1505,"org.eclipse.ui.file.save",1343829799747
deactivated,workbench,org.eclipse.ui.workbench,3.7.1.v20120104-1859,"",1343829801680
activated,workbench,org.eclipse.ui.workbench,3.7.1.v20120104-1859,"",1343829819751
executed,command,org.eclipse.ui,3.7.0.v20110928-1505,"org.eclipse.ui.file.save",1343829857501
executed,command,org.eclipse.ui,3.7.0.v20110928-1505,"org.eclipse.ui.file.save",1343829861664
executed,command,org.eclipse.ui,3.7.0.v20110928-1505,"org.eclipse.ui.file.save",1343829879498
deactivated,workbench,org.eclipse.ui.workbench,3.7.1.v20120104-1859,"",1343829882896
activated,workbench,org.eclipse.ui.workbench,3.7.1.v20120104-1859,"",1343829911408
deactivated,workbench,org.eclipse.ui.workbench,3.7.1.v20120104-1859,"",1343829914812
activated,view,org.eclipse.search,3.7.0.v20110928-1504,"org.eclipse.search.ui.views.SearchView",1343829917190
activated,workbench,org.eclipse.ui.workbench,3.7.1.v20120104-1859,"",1343829917235
executed,command,org.eclipse.search,3.7.0.v20110928-1504,"org.eclipse.search.ui.openFileSearchPage",1343829917335
activated,editor,org.eclipse.cdt.ui,5.3.2.201202111925,"org.eclipse.cdt.ui.editor.CEditor",1343829941724
activated,view,org.eclipse.search,3.7.0.v20110928-1504,"org.eclipse.search.ui.views.SearchView",1343829943314
activated,editor,org.eclipse.cdt.ui,5.3.2.201202111925,"org.eclipse.cdt.ui.editor.CEditor",1343829945095
deactivated,workbench,org.eclipse.ui.workbench,3.7.1.v20120104-1859,"",1343829948629
error,log,,,"Problems encountered during text search.",1343829948641
activated,workbench,org.eclipse.ui.workbench,3.7.1.v20120104-1859,"",1343829951645
deactivated,workbench,org.eclipse.ui.workbench,3.7.1.v20120104-1859,"",1343829953628
activated,workbench,org.eclipse.ui.workbench,3.7.1.v20120104-1859,"",1343829970343
activated,editor,org.eclipse.cdt.ui,5.3.2.201202111925,"org.eclipse.cdt.ui.editor.CEditor",1343829970821
deactivated,workbench,org.eclipse.ui.workbench,3.7.1.v20120104-1859,"",1343829972859
activated,workbench,org.eclipse.ui.workbench,3.7.1.v20120104-1859,"",1343830008788
executed,command,org.eclipse.ui,3.7.0.v20110928-1505,"org.eclipse.ui.file.save",1343830039085
executed,command,org.eclipse.ui,3.7.0.v20110928-1505,"org.eclipse.ui.file.save",1343830047431
activated,editor,org.eclipse.cdt.ui,5.3.2.201202111925,"org.eclipse.cdt.ui.editor.CEditor",1343830049824
executed,command,org.eclipse.ui,3.7.0.v20110928-1505,"org.eclipse.ui.file.save",1343830057400
deactivated,workbench,org.eclipse.ui.workbench,3.7.1.v20120104-1859,"",1343830060920
activated,workbench,org.eclipse.ui.workbench,3.7.1.v20120104-1859,"",1343830495484
activated,view,org.eclipse.ui.navigator.resources,3.4.300.v20110928-1505,"org.eclipse.ui.navigator.ProjectExplorer",1343830495700
activated,editor,org.eclipse.cdt.ui,5.3.2.201202111925,"org.eclipse.cdt.ui.editor.CEditor",1343830497530
closed,editor,org.eclipse.cdt.ui,5.3.2.201202111925,"org.eclipse.cdt.ui.editor.CEditor",1343830497590
activated,editor,org.eclipse.cdt.ui,5.3.2.201202111925,"org.eclipse.cdt.ui.editor.CEditor",1343830498750
closed,editor,org.eclipse.cdt.ui,5.3.2.201202111925,"org.eclipse.cdt.ui.editor.CEditor",1343830498751
activated,view,org.eclipse.ui.navigator.resources,3.4.300.v20110928-1505,"org.eclipse.ui.navigator.ProjectExplorer",1343830503504
opened,editor,org.eclipse.cdt.ui,5.3.2.201202111925,"org.eclipse.cdt.ui.editor.CEditor",1343830506296
activated,editor,org.eclipse.cdt.ui,5.3.2.201202111925,"org.eclipse.cdt.ui.editor.CEditor",1343830506354
executed,command,org.eclipse.ui,3.7.0.v20110928-1505,"org.eclipse.ui.edit.copy",1343830510818
executed,command,org.eclipse.ui,3.7.0.v20110928-1505,"org.eclipse.ui.edit.paste",1343830511045
executed,command,org.eclipse.ui,3.7.0.v20110928-1505,"org.eclipse.ui.edit.paste",1343830511221
deactivated,workbench,org.eclipse.ui.workbench,3.7.1.v20120104-1859,"",1343830523970
activated,workbench,org.eclipse.ui.workbench,3.7.1.v20120104-1859,"",1343830553000
executed,command,org.eclipse.ui,3.7.0.v20110928-1505,"org.eclipse.ui.file.save",1343830555700
deactivated,workbench,org.eclipse.ui.workbench,3.7.1.v20120104-1859,"",1343830560712
activated,workbench,org.eclipse.ui.workbench,3.7.1.v20120104-1859,"",1343832429194
activated,view,org.eclipse.ui.navigator.resources,3.4.300.v20110928-1505,"org.eclipse.ui.navigator.ProjectExplorer",1343832457444
opened,editor,org.eclipse.cdt.ui,5.3.2.201202111925,"org.eclipse.cdt.ui.editor.CEditor",1343832458063
activated,editor,org.eclipse.cdt.ui,5.3.2.201202111925,"org.eclipse.cdt.ui.editor.CEditor",1343832458138
executed,command,org.eclipse.cdt.ui,5.3.2.201202111925,"org.eclipse.cdt.ui.edit.text.c.format",1343832758785
activated,editor,org.eclipse.cdt.ui,5.3.2.201202111925,"org.eclipse.cdt.ui.editor.CEditor",1343832760634
executed,command,org.eclipse.cdt.ui,5.3.2.201202111925,"org.eclipse.cdt.ui.edit.text.c.format",1343832763488
activated,editor,org.eclipse.cdt.ui,5.3.2.201202111925,"org.eclipse.cdt.ui.editor.CEditor",1343832765183
executed,command,org.eclipse.cdt.ui,5.3.2.201202111925,"org.eclipse.cdt.ui.edit.text.c.format",1343832767998
executed,command,org.eclipse.ui,3.7.0.v20110928-1505,"org.eclipse.ui.file.save",1343832771046
activated,editor,org.eclipse.cdt.ui,5.3.2.201202111925,"org.eclipse.cdt.ui.editor.CEditor",1343832772332
closed,editor,org.eclipse.cdt.ui,5.3.2.201202111925,"org.eclipse.cdt.ui.editor.CEditor",1343832772332
executed,command,org.eclipse.ui,3.7.0.v20110928-1505,"org.eclipse.ui.file.save",1343832773289
activated,editor,org.eclipse.cdt.ui,5.3.2.201202111925,"org.eclipse.cdt.ui.editor.CEditor",1343832774108
closed,editor,org.eclipse.cdt.ui,5.3.2.201202111925,"org.eclipse.cdt.ui.editor.CEditor",1343832774108
executed,command,org.eclipse.ui,3.7.0.v20110928-1505,"org.eclipse.ui.file.save",1343832774912
deactivated,workbench,org.eclipse.ui.workbench,3.7.1.v20120104-1859,"",1343833029362
activated,workbench,org.eclipse.ui.workbench,3.7.1.v20120104-1859,"",1343833128313
deactivated,workbench,org.eclipse.ui.workbench,3.7.1.v20120104-1859,"",1343833137062
activated,workbench,org.eclipse.ui.workbench,3.7.1.v20120104-1859,"",1343833149436
deactivated,workbench,org.eclipse.ui.workbench,3.7.1.v20120104-1859,"",1343833149571
activated,view,org.eclipse.ui.navigator.resources,3.4.300.v20110928-1505,"org.eclipse.ui.navigator.ProjectExplorer",1343833598482
activated,workbench,org.eclipse.ui.workbench,3.7.1.v20120104-1859,"",1343833598558
activated,editor,org.eclipse.cdt.ui,5.3.2.201202111925,"org.eclipse.cdt.ui.editor.CEditor",1343833636281
deactivated,workbench,org.eclipse.ui.workbench,3.7.1.v20120104-1859,"",1343833729832
activated,workbench,org.eclipse.ui.workbench,3.7.1.v20120104-1859,"",1343833776227
deactivated,workbench,org.eclipse.ui.workbench,3.7.1.v20120104-1859,"",1343833781377
activated,view,org.eclipse.ui.navigator.resources,3.4.300.v20110928-1505,"org.eclipse.ui.navigator.ProjectExplorer",1343833864234
activated,workbench,org.eclipse.ui.workbench,3.7.1.v20120104-1859,"",1343833864308
activated,editor,org.eclipse.cdt.ui,5.3.2.201202111925,"org.eclipse.cdt.ui.editor.CEditor",1343833876730
activated,view,org.eclipse.ui.navigator.resources,3.4.300.v20110928-1505,"org.eclipse.ui.navigator.ProjectExplorer",1343833891560
opened,editor,org.eclipse.cdt.ui,5.3.2.201202111925,"org.eclipse.cdt.ui.editor.CEditor",1343833891791
activated,editor,org.eclipse.cdt.ui,5.3.2.201202111925,"org.eclipse.cdt.ui.editor.CEditor",1343833891861
deactivated,workbench,org.eclipse.ui.workbench,3.7.1.v20120104-1859,"",1343833935018
activated,view,org.eclipse.ui.navigator.resources,3.4.300.v20110928-1505,"org.eclipse.ui.navigator.ProjectExplorer",1343833939930
activated,workbench,org.eclipse.ui.workbench,3.7.1.v20120104-1859,"",1343833940003
deactivated,workbench,org.eclipse.ui.workbench,3.7.1.v20120104-1859,"",1343833942374
activated,workbench,org.eclipse.ui.workbench,3.7.1.v20120104-1859,"",1343834260396
activated,editor,org.eclipse.cdt.ui,5.3.2.201202111925,"org.eclipse.cdt.ui.editor.CEditor",1343834263563
activated,view,org.eclipse.ui.navigator.resources,3.4.300.v20110928-1505,"org.eclipse.ui.navigator.ProjectExplorer",1343834269975
activated,editor,org.eclipse.cdt.ui,5.3.2.201202111925,"org.eclipse.cdt.ui.editor.CEditor",1343834272383
executed,command,org.eclipse.ui,3.7.0.v20110928-1505,"org.eclipse.ui.edit.undo",1343834276394
executed,command,org.eclipse.ui,3.7.0.v20110928-1505,"org.eclipse.ui.edit.redo",1343834285003
deactivated,workbench,org.eclipse.ui.workbench,3.7.1.v20120104-1859,"",1343834290692
activated,workbench,org.eclipse.ui.workbench,3.7.1.v20120104-1859,"",1343834414004
activated,view,org.eclipse.ui.navigator.resources,3.4.300.v20110928-1505,"org.eclipse.ui.navigator.ProjectExplorer",1343834433340
activated,editor,org.eclipse.cdt.ui,5.3.2.201202111925,"org.eclipse.cdt.ui.editor.CEditor",1343834435780
deactivated,workbench,org.eclipse.ui.workbench,3.7.1.v20120104-1859,"",1343834441256
activated,workbench,org.eclipse.ui.workbench,3.7.1.v20120104-1859,"",1343834473897
deactivated,workbench,org.eclipse.ui.workbench,3.7.1.v20120104-1859,"",1343834475837
activated,view,org.eclipse.search,3.7.0.v20110928-1504,"org.eclipse.search.ui.views.SearchView",1343834481004
activated,workbench,org.eclipse.ui.workbench,3.7.1.v20120104-1859,"",1343834481062
activated,view,org.eclipse.ui.navigator.resources,3.4.300.v20110928-1505,"org.eclipse.ui.navigator.ProjectExplorer",1343834489680
opened,editor,org.eclipse.cdt.ui,5.3.2.201202111925,"org.eclipse.cdt.ui.editor.CEditor",1343834492767
activated,editor,org.eclipse.cdt.ui,5.3.2.201202111925,"org.eclipse.cdt.ui.editor.CEditor",1343834492809
activated,view,org.eclipse.ui.navigator.resources,3.4.300.v20110928-1505,"org.eclipse.ui.navigator.ProjectExplorer",1343834497094
opened,editor,org.eclipse.cdt.ui,5.3.2.201202111925,"org.eclipse.cdt.ui.editor.CEditor",1343834497689
activated,editor,org.eclipse.cdt.ui,5.3.2.201202111925,"org.eclipse.cdt.ui.editor.CEditor",1343834497732
activated,view,org.eclipse.ui.navigator.resources,3.4.300.v20110928-1505,"org.eclipse.ui.navigator.ProjectExplorer",1343834521115
activated,editor,org.eclipse.cdt.ui,5.3.2.201202111925,"org.eclipse.cdt.ui.editor.CEditor",1343834521333
activated,view,org.eclipse.ui.navigator.resources,3.4.300.v20110928-1505,"org.eclipse.ui.navigator.ProjectExplorer",1343834539422
opened,editor,org.eclipse.cdt.ui,5.3.2.201202111925,"org.eclipse.cdt.ui.editor.CEditor",1343834539658
activated,editor,org.eclipse.cdt.ui,5.3.2.201202111925,"org.eclipse.cdt.ui.editor.CEditor",1343834539701
activated,view,org.eclipse.ui.navigator.resources,3.4.300.v20110928-1505,"org.eclipse.ui.navigator.ProjectExplorer",1343834543721
opened,editor,org.eclipse.cdt.ui,5.3.2.201202111925,"org.eclipse.cdt.ui.editor.CEditor",1343834544350
activated,editor,org.eclipse.cdt.ui,5.3.2.201202111925,"org.eclipse.cdt.ui.editor.CEditor",1343834544392
activated,view,org.eclipse.ui.navigator.resources,3.4.300.v20110928-1505,"org.eclipse.ui.navigator.ProjectExplorer",1343834545755
opened,editor,org.eclipse.cdt.ui,5.3.2.201202111925,"org.eclipse.cdt.ui.editor.CEditor",1343834546283
activated,editor,org.eclipse.cdt.ui,5.3.2.201202111925,"org.eclipse.cdt.ui.editor.CEditor",1343834546327
deactivated,workbench,org.eclipse.ui.workbench,3.7.1.v20120104-1859,"",1343834553413
activated,view,org.eclipse.ui.navigator.resources,3.4.300.v20110928-1505,"org.eclipse.ui.navigator.ProjectExplorer",1343834602366
activated,workbench,org.eclipse.ui.workbench,3.7.1.v20120104-1859,"",1343834602434
deactivated,workbench,org.eclipse.ui.workbench,3.7.1.v20120104-1859,"",1343834607412
activated,workbench,org.eclipse.ui.workbench,3.7.1.v20120104-1859,"",1343834646634
deactivated,workbench,org.eclipse.ui.workbench,3.7.1.v20120104-1859,"",1343834649638
executed,command,org.eclipse.ui,3.7.0.v20110928-1505,"org.eclipse.ui.edit.paste",1343834650829
activated,view,org.eclipse.search,3.7.0.v20110928-1504,"org.eclipse.search.ui.views.SearchView",1343834651654
activated,workbench,org.eclipse.ui.workbench,3.7.1.v20120104-1859,"",1343834651708
executed,command,org.eclipse.search,3.7.0.v20110928-1504,"org.eclipse.search.ui.openFileSearchPage",1343834651801
deactivated,workbench,org.eclipse.ui.workbench,3.7.1.v20120104-1859,"",1343834677690
error,log,,,"Problems encountered during text search.",1343834679869
activated,workbench,org.eclipse.ui.workbench,3.7.1.v20120104-1859,"",1343834682100
deactivated,workbench,org.eclipse.ui.workbench,3.7.1.v20120104-1859,"",1343834682871
activated,workbench,org.eclipse.ui.workbench,3.7.1.v20120104-1859,"",1343834687563
activated,view,org.eclipse.ui.views,3.6.0.v20110928-1505,"org.eclipse.ui.views.ContentOutline",1343834695971
deactivated,workbench,org.eclipse.ui.workbench,3.7.1.v20120104-1859,"",1343834696657
activated,workbench,org.eclipse.ui.workbench,3.7.1.v20120104-1859,"",1343834761001
activated,editor,org.eclipse.cdt.ui,5.3.2.201202111925,"org.eclipse.cdt.ui.editor.CEditor",1343834762798
activated,editor,org.eclipse.cdt.ui,5.3.2.201202111925,"org.eclipse.cdt.ui.editor.CEditor",1343834764562
executed,command,org.eclipse.ui,3.7.0.v20110928-1505,"org.eclipse.ui.file.save",1343834835759
deactivated,workbench,org.eclipse.ui.workbench,3.7.1.v20120104-1859,"",1343834837148
activated,workbench,org.eclipse.ui.workbench,3.7.1.v20120104-1859,"",1343834849954
executed,command,org.eclipse.ui,3.7.0.v20110928-1505,"org.eclipse.ui.file.save",1343834855096
deactivated,workbench,org.eclipse.ui.workbench,3.7.1.v20120104-1859,"",1343834900867
activated,workbench,org.eclipse.ui.workbench,3.7.1.v20120104-1859,"",1343834913619
executed,command,org.eclipse.ui,3.7.0.v20110928-1505,"org.eclipse.ui.file.save",1343834927775
deactivated,workbench,org.eclipse.ui.workbench,3.7.1.v20120104-1859,"",1343834929339
activated,workbench,org.eclipse.ui.workbench,3.7.1.v20120104-1859,"",1343834944238
deactivated,workbench,org.eclipse.ui.workbench,3.7.1.v20120104-1859,"",1343834953090
activated,workbench,org.eclipse.ui.workbench,3.7.1.v20120104-1859,"",1343835005380
deactivated,workbench,org.eclipse.ui.workbench,3.7.1.v20120104-1859,"",1343835005531
activated,workbench,org.eclipse.ui.workbench,3.7.1.v20120104-1859,"",1343835014866
activated,view,org.eclipse.ui.navigator.resources,3.4.300.v20110928-1505,"org.eclipse.ui.navigator.ProjectExplorer",1343835017027
executed,command,org.eclipse.ui,3.7.0.v20110928-1505,"org.eclipse.ui.file.refresh",1343835019574
activated,editor,org.eclipse.cdt.ui,5.3.2.201202111925,"org.eclipse.cdt.ui.editor.CEditor",1343835023070
