Code,Name,Short Seller,Date,Ratio,Number,Prev. Date,Prev. Ratio
1435,ＴＡＴＥＲＵ　普通株式,MERRILL LYNCH INTERNATIONAL,2018-08-08,0.0163,1410508,2018-08-07 00:00:00,0.0162
1456,ダイワ上場投信−日経平均インバース・インデックス　受益証券,三菱ＵＦＪモルガン・スタンレー証券株式会社,2018-08-09,0,0,2018-08-08 00:00:00,0.0064
1473,Ｏｎｅ　ＥＴＦ　トピックス　受益証券,J.P. MORGAN SECURITIES PLC,2018-08-08,0.0125,1090232,2018-08-02 00:00:00,0.0139
1514,住石ホールディングス　普通株式,OXAM QUANT FUND LIMITED,2018-08-08,0.0068,401200,2018-08-07 00:00:00,0.0068
1711,省電舎ホールディングス　普通株式,Credit Suisse Securities (Europe) Limited,2018-08-08,0.0128,35300,2018-08-07 00:00:00,0.0194
1919,ヤマダ・エスバイエルホーム　普通株式,GOLDMAN SACHS INTERNATIONAL,2018-08-08,0.0053,1100521,2018-08-07 00:00:00,0.0069
1945,東京エネシス　普通株式,Integrated Core Strategies (Asia) Pte. Ltd.,2018-08-08,0.0055000000000000005,208149,2018-08-06 00:00:00,0.0043
1963,日揮　普通株式,MERRILL LYNCH INTERNATIONAL,2018-08-08,0.0075,1964553,2018-08-07 00:00:00,0.0078
2130,メンバーズ　普通株式,Barclays Capital Securities Ltd,2018-08-08,0.006,77300,2018-07-24 00:00:00,0.0054
2158,ＦＲＯＮＴＥＯ　普通株式,Integrated Core Strategies (Asia) Pte. Ltd.,2018-08-08,0.0039000000000000003,151119,2018-08-07 00:00:00,0.0053
2160,ジーエヌアイグループ　普通株式,Nomura International plc,2018-08-08,0.008199999999999999,111700,2018-08-03 00:00:00,0.0079
2168,パソナグループ　普通株式,GOLDMAN SACHS INTERNATIONAL,2018-08-08,0.005,208598,2018-08-07 00:00:00,0.0049
2175,エス・エム・エス　普通株式,Integrated Core Strategies (Asia) Pte. Ltd.,2018-08-08,0.005,434498,2018-08-03 00:00:00,0.004699999999999999
2191,テラ　普通株式,"E4-B Investments Co.,Ltd",2018-08-09,0.017,297200,2018-08-08 00:00:00,0.0157
2191,テラ　普通株式,JPM Securities Japan Co Ltd.,2018-08-08,0.0189,330574,2018-08-07 00:00:00,0.0197
2191,テラ　普通株式,OXAM QUANT FUND LIMITED,2018-08-08,0.0113,197200,2018-08-07 00:00:00,0.0113
2206,江崎グリコ　普通株式,Integrated Core Strategies (Asia) Pte. Ltd.,2018-08-08,0.0040999999999999995,289900,2018-07-31 00:00:00,0.0060999999999999995
2229,カルビー　普通株式,GOLDMAN SACHS INTERNATIONAL,2018-08-08,0.009000000000000001,1215765,2018-06-28 00:00:00,0.008
2229,カルビー　普通株式,Integrated Core Strategies (Asia) Pte. Ltd.,2018-08-08,0.0053,721544,2018-08-06 00:00:00,0.006
2315,カイカ　普通株式,個人,2018-08-08,0.0083,3017800,2018-08-07 00:00:00,0.0091
2326,デジタルアーツ　普通株式,Integrated Core Strategies (Asia) Pte. Ltd.,2018-08-08,0.0097,137100,2018-08-02 00:00:00,0.0085
2330,フォーサイド　普通株式,GOLDMAN SACHS INTERNATIONAL,2018-08-08,0.0046,146300,2018-07-31 00:00:00,0.0059
2330,フォーサイド　普通株式,Nomura International plc,2018-08-08,0.0236,743000,2018-08-07 00:00:00,0.0229
2338,ファステップス　普通株式,UBS AG,2018-08-08,0.0075,53300,2018-08-07 00:00:00,0.0073
2351,ＡＳＪ　普通株式,UBS AG,2018-08-08,0.0056,44893,2018-08-07 00:00:00,0.0057
2352,エイジア　普通株式,Barclays Capital Securities Ltd,2018-08-08,0.0059,27200,2018-07-06 00:00:00,0.0068000000000000005
2372,アイロムグループ　普通株式,"Deutsche Bank Aktiengesellschaft, London 　ドイツ銀行ロンドン支店",2018-08-08,0.0078000000000000005,91570,2018-08-02 00:00:00,0.008
2379,ディップ　普通株式,モルガン・スタンレーMUFG証券株式会社,2018-08-09,0.0242,1505220,2018-08-03 00:00:00,0.0239
2385,総医研ホールディングス　普通株式,"Deutsche Bank Aktiengesellschaft, London 　ドイツ銀行ロンドン支店",2018-08-08,0.0097,255800,2018-08-07 00:00:00,0.0101
2389,オプトホールディング　普通株式,Integrated Core Strategies (Asia) Pte. Ltd.,2018-08-08,0.0048,115583,2018-08-01 00:00:00,0.0051
2410,キャリアデザインセンター　普通株式,GOLDMAN SACHS INTERNATIONAL,2018-08-08,0.0076,53868,2018-08-07 00:00:00,0.0048
2428,ウェルネット　普通株式,"Deutsche Bank Aktiengesellschaft, London 　ドイツ銀行ロンドン支店",2018-08-08,0.0039000000000000003,75700,2018-08-03 00:00:00,0.0053
2428,ウェルネット　普通株式,MERRILL LYNCH INTERNATIONAL,2018-08-08,0.0048,94300,2018-08-07 00:00:00,0.0051
2437,Ｓｈｉｎｗａ　Ｗｉｓｅ　Ｈｏｌｄｉｎｇｓ　普通株式,JPM Securities Japan Co Ltd.,2018-08-08,0.0118,86700,2018-08-07 00:00:00,0.0138
2438,アスカネット　普通株式,GOLDMAN SACHS INTERNATIONAL,2018-08-08,0.0217,379300,2018-07-05 00:00:00,0.0208
2454,オールアバウト　普通株式,Citigroup Global Markets Limited,2018-08-08,0.0126,171700,2018-07-12 00:00:00,0.0061
2468,フュートレック　普通株式,OXAM QUANT FUND LIMITED,2018-08-08,0.0072,68300,2018-08-07 00:00:00,0.0072
2471,エスプール　普通株式,Credit Suisse Securities (Europe) Limited,2018-08-08,0.0069,110000,2018-08-07 00:00:00,0.0072
2479,ジェイテック　普通株式,Credit Suisse Securities (Europe) Limited,2018-08-08,0.0052,45100,2018-08-01 00:00:00,0.0044
2489,アドウェイズ　普通株式,モルガン・スタンレーMUFG証券株式会社,2018-08-09,0.005699999999999999,238108,2018-08-08 00:00:00,0.0069
2492,インフォマート　普通株式,GOLDMAN SACHS INTERNATIONAL,2018-08-08,0.016200000000000003,2110718,2018-08-06 00:00:00,0.015
2497,ユナイテッド　普通株式,"Deutsche Bank Aktiengesellschaft, London 　ドイツ銀行ロンドン支店",2018-08-08,0.0060999999999999995,146100,2018-08-07 00:00:00,0.004
2516,東証マザーズＥＴＦ　受益証券,個人,2018-08-08,0.0082,30450,2018-07-17 00:00:00,0.0107
2667,イメージ　ワン　普通株式,Credit Suisse Securities (Europe) Limited,2018-08-08,0.008,50600,2018-07-31 00:00:00,0.0074
2667,イメージ　ワン　普通株式,"Deutsche Bank Aktiengesellschaft, London 　ドイツ銀行ロンドン支店",2018-08-08,0.0073,46300,2018-08-06 00:00:00,0.008199999999999999
2667,イメージ　ワン　普通株式,UBS AG,2018-08-08,0.0056,35600,2018-08-07 00:00:00,0.0057
2667,イメージ　ワン　普通株式,モルガン・スタンレーMUFG証券株式会社,2018-08-09,0.0129,81300,2018-08-07 00:00:00,0.011899999999999999
2681,ゲオホールディングス　普通株式,Nomura International plc,2018-08-08,0.0152,736200,2018-07-26 00:00:00,0.0144
2681,ゲオホールディングス　普通株式,モルガン・スタンレーMUFG証券株式会社,2018-08-09,0.005600000000000001,274354,2018-08-08 00:00:00,0.006500000000000001
2693,ＹＫＴ　普通株式,"Deutsche Bank Aktiengesellschaft, London 　ドイツ銀行ロンドン支店",2018-08-08,0.0049,59000,2018-08-06 00:00:00,0.0055000000000000005
2730,エディオン　普通株式,Credit Suisse Securities (Europe) Limited,2018-08-08,0.0294,3296022,2018-08-03 00:00:00,0.027999999999999997
2730,エディオン　普通株式,Nomura International plc,2018-08-08,0.0062,703846,2018-07-12 00:00:00,0.005
2743,ピクセルカンパニーズ　普通株式,Nomura International plc,2018-08-08,0.0039000000000000003,74700,2018-08-07 00:00:00,0.0052
2884,ヨシムラ・フード・ホールディングス　普通株式,GOLDMAN SACHS INTERNATIONAL,2018-08-08,0.0209,458200,2018-08-07 00:00:00,0.021
2901,石垣食品　普通株式,Credit Suisse Securities (Europe) Limited,2018-08-08,0.0079,51200,2018-08-07 00:00:00,0.004699999999999999
2901,石垣食品　普通株式,UBS AG,2018-08-08,0.0029,18900,2018-08-07 00:00:00,0.0056
2918,わらべや日洋ホールディングス　普通株式,Integrated Core Strategies (Asia) Pte. Ltd.,2018-08-08,0.006,105900,2018-08-03 00:00:00,0.0052
3001,片倉工業　普通株式,Societe Generale,2018-08-08,0.0105,371200,2018-08-07 00:00:00,0.0105
3001,片倉工業　普通株式,Societe Generale,2018-08-09,0.0105,371100,2018-08-08 00:00:00,0.0105
3036,アルコニックス　普通株式,MERRILL LYNCH INTERNATIONAL,2018-08-08,0.0064,167352,2018-08-02 00:00:00,0.0061
3050,ＤＣＭホールディングス　普通株式,"Angelo, Gordon & Co., LP",2018-08-08,0.005,708100,2018-07-02 00:00:00,0.0055
3053,ペッパーフードサービス　普通株式,GOLDMAN SACHS INTERNATIONAL,2018-08-08,0.0058,121218,2018-08-01 00:00:00,0.0060999999999999995
3053,ペッパーフードサービス　普通株式,Integrated Core Strategies (Asia) Pte. Ltd.,2018-08-08,0.009000000000000001,187599,2018-08-03 00:00:00,0.01
3053,ペッパーフードサービス　普通株式,Nomura International plc,2018-08-08,0.0118,246800,2018-07-30 00:00:00,0.013000000000000001
3053,ペッパーフードサービス　普通株式,モルガン・スタンレーMUFG証券株式会社,2018-08-09,0.015,312924,2018-08-08 00:00:00,0.0149
3073,ＤＤホールディングス　普通株式,OXAM QUANT FUND LIMITED,2018-08-08,0.0061,47500,2018-08-07 00:00:00,0.0062
3083,シーズメン　普通株式,"Deutsche Bank Aktiengesellschaft, London 　ドイツ銀行ロンドン支店",2018-08-08,0.0077,15500,2018-08-07 00:00:00,0.0084
3087,ドトール・日レスホールディングス　普通株式,Integrated Core Strategies (Asia) Pte. Ltd.,2018-08-08,0.0069,352900,2018-08-02 00:00:00,0.0075
3097,物語コーポレーション　普通株式,"Deutsche Bank Aktiengesellschaft, London 　ドイツ銀行ロンドン支店",2018-08-08,0.0079,47600,2018-08-06 00:00:00,0.008
3113,Ｏａｋ　キャピタル　普通株式,"Deutsche Bank Aktiengesellschaft, London 　ドイツ銀行ロンドン支店",2018-08-08,0.0049,267300,2018-08-03 00:00:00,0.0052
3139,ラクト・ジャパン　普通株式,モルガン・スタンレーMUFG証券株式会社,2018-08-09,0.011000000000000001,54085,2018-08-08 00:00:00,0.0109
3193,鳥貴族　普通株式,Nomura International plc,2018-08-08,0.0055000000000000005,64800,2018-07-24 00:00:00,0.0062
3250,エー・ディー・ワークス　普通株式,個人,2018-08-09,0,0,2018-08-08 00:00:00,0.0052
3258,ユニゾホールディングス　普通株式,モルガン・スタンレーMUFG証券株式会社,2018-08-09,0.0241,825997,2018-08-06 00:00:00,0.023
3267,フィル・カンパニー　普通株式,"Deutsche Bank Aktiengesellschaft, London 　ドイツ銀行ロンドン支店",2018-08-08,0.005600000000000001,31500,2018-08-03 00:00:00,0.0063
3267,フィル・カンパニー　普通株式,GOLDMAN SACHS INTERNATIONAL,2018-08-08,0.0106,58900,2018-07-30 00:00:00,0.0113
3267,フィル・カンパニー　普通株式,OXAM QUANT FUND LIMITED,2018-08-08,0.005,27900,2018-08-07 00:00:00,0.005
3271,ＴＨＥグローバル社　普通株式,Credit Suisse Securities (Europe) Limited,2018-08-08,0.0038,52600,2018-08-01 00:00:00,0.0089
3271,ＴＨＥグローバル社　普通株式,GOLDMAN SACHS INTERNATIONAL,2018-08-08,0.0011,15854,2018-08-03 00:00:00,0.009899999999999999
3300,ＡＭＢＩＴＩＯＮ　普通株式,"Deutsche Bank Aktiengesellschaft, London 　ドイツ銀行ロンドン支店",2018-08-08,0.006500000000000001,44400,2018-08-03 00:00:00,0.0073
3323,レカム　普通株式,GOLDMAN SACHS INTERNATIONAL,2018-08-08,0.02,1344300,2018-07-25 00:00:00,0.0215
3356,テリロジー　普通株式,Credit Suisse Securities (Europe) Limited,2018-08-08,0.0106,167700,2018-08-07 00:00:00,0.0124
3356,テリロジー　普通株式,"Deutsche Bank Aktiengesellschaft, London 　ドイツ銀行ロンドン支店",2018-08-08,0.0021,33100,2018-08-06 00:00:00,0.009399999999999999
3356,テリロジー　普通株式,"JANE STREET GLOBAL TRADING, LLC",2018-08-08,0.0092,144700,2018-08-06 00:00:00,0.0081
3356,テリロジー　普通株式,モルガン・スタンレーMUFG証券株式会社,2018-08-09,0.0095,150200,2018-08-08 00:00:00,0.0068000000000000005
3397,トリドールホールディングス　普通株式,UBS AG,2018-08-08,0.006,263609,2018-08-07 00:00:00,0.003
3415,ＴＯＫＹＯ　ＢＡＳＥ　普通株式,Citigroup Global Markets Limited,2018-08-08,0.0052,249400,2018-07-24 00:00:00,0.0042
3441,山王　普通株式,OXAM QUANT FUND LIMITED,2018-08-08,0.0137,68500,2018-08-07 00:00:00,0.0137
3556,リネットジャパングループ　普通株式,OXAM QUANT FUND LIMITED,2018-08-08,0.0053,47700,2018-08-07 00:00:00,0.0053
3558,ロコンド　普通株式,JPM Securities Japan Co Ltd.,2018-08-08,0.0095,104000,2018-08-06 00:00:00,0.0108
3565,アセンテック　普通株式,モルガン・スタンレーMUFG証券株式会社,2018-08-09,0.0231,76500,2018-07-23 00:00:00,0.022000000000000002
3611,マツオカコーポレーション　普通株式,野村證券株式会社,2018-08-08,0.0049,49800,2018-08-01 00:00:00,0.005
3623,ビリングシステム　普通株式,"Deutsche Bank Aktiengesellschaft, London 　ドイツ銀行ロンドン支店",2018-08-08,0.0068000000000000005,22500,2018-07-30 00:00:00,0.0074
3624,アクセルマーク　普通株式,JPM Securities Japan Co Ltd.,2018-08-08,0.012,58400,2018-08-07 00:00:00,0.0149
3624,アクセルマーク　普通株式,OXAM QUANT FUND LIMITED,2018-08-08,0.0052,25100,2018-08-07 00:00:00,0.0052
3625,テックファームホールディングス　普通株式,OXAM QUANT FUND LIMITED,2018-08-08,0.0112,86400,2018-08-07 00:00:00,0.0112
3627,ネオス　普通株式,GOLDMAN SACHS INTERNATIONAL,2018-08-08,0.0046,43800,2018-08-02 00:00:00,0.0053
3639,ボルテージ　普通株式,OXAM QUANT FUND LIMITED,2018-08-08,0.006999999999999999,36700,2018-08-07 00:00:00,0.006999999999999999
3646,駅探　普通株式,GOLDMAN SACHS INTERNATIONAL,2018-08-08,0.0073,50800,2018-08-01 00:00:00,0.006
3652,ディジタルメディアプロフェッショナル　普通株式,GOLDMAN SACHS INTERNATIONAL,2018-08-08,0.0199,56000,2018-08-07 00:00:00,0.02
3652,ディジタルメディアプロフェッショナル　普通株式,Nomura International plc,2018-08-08,0.08539999999999999,239500,2018-08-07 00:00:00,0.087
3652,ディジタルメディアプロフェッショナル　普通株式,モルガン・スタンレーMUFG証券株式会社,2018-08-09,0.0385,108100,2018-08-08 00:00:00,0.04190000000000001
3653,モルフォ　普通株式,"Deutsche Bank Aktiengesellschaft, London 　ドイツ銀行ロンドン支店",2018-08-08,0.0069,37200,2018-07-27 00:00:00,0.006999999999999999
3656,ＫＬａｂ　普通株式,A.R.T. International Holdings (BVI) Ltd.,2018-08-09,0.0056,213000,2018-08-08 00:00:00,0.004
3656,ＫＬａｂ　普通株式,Credit Suisse Securities (Europe) Limited,2018-08-08,0.0124,466468,2018-08-07 00:00:00,0.006999999999999999
3656,ＫＬａｂ　普通株式,Nomura International plc,2018-08-08,0.009899999999999999,372500,2018-08-07 00:00:00,0.0104
3657,ポールトゥウィン・ピットクルーホールディングス　普通株式,GOLDMAN SACHS INTERNATIONAL,2018-08-08,0.0059,112991,2018-08-06 00:00:00,0.004
3661,エムアップ　普通株式,Credit Suisse Securities (Europe) Limited,2018-08-08,0.0143,107100,2018-08-07 00:00:00,0.013000000000000001
3661,エムアップ　普通株式,"JANE STREET GLOBAL TRADING, LLC",2018-08-08,0.0079,59100,2018-08-03 00:00:00,0.0084
3661,エムアップ　普通株式,Nomura International plc,2018-08-08,0.0366,274000,2018-08-06 00:00:00,0.028399999999999998
3667,ｅｎｉｓｈ　普通株式,Nomura International plc,2018-08-08,0.0086,77600,2018-08-07 00:00:00,0.0108
3672,オルトプラス　普通株式,"Deutsche Bank Aktiengesellschaft, London 　ドイツ銀行ロンドン支店",2018-08-08,0.0095,129400,2018-08-07 00:00:00,0.0116
3672,オルトプラス　普通株式,JPM Securities Japan Co Ltd.,2018-08-08,0.015600000000000001,211500,2018-08-07 00:00:00,0.0179
3672,オルトプラス　普通株式,MERRILL LYNCH INTERNATIONAL,2018-08-08,0.0055,75700,2018-08-06 00:00:00,0.0054
3676,デジタルハーツホールディングス　普通株式,GOLDMAN SACHS INTERNATIONAL,2018-08-08,0.0089,213036,2018-08-07 00:00:00,0.009000000000000001
3680,ホットリンク　普通株式,モルガン・スタンレーMUFG証券株式会社,2018-08-09,0.0058,91100,2018-08-08 00:00:00,0.0044
3681,ブイキューブ　普通株式,OXAM QUANT FUND LIMITED,2018-08-08,0.0063,151300,2018-08-07 00:00:00,0.0063
3686,ディー・エル・イー　普通株式,MERRILL LYNCH INTERNATIONAL,2018-08-08,0.0067,136500,2018-08-07 00:00:00,0.0069
3686,ディー・エル・イー　普通株式,OXAM QUANT FUND LIMITED,2018-08-08,0.0116,235800,2018-08-07 00:00:00,0.0116
3687,フィックスターズ　普通株式,Credit Suisse Securities (Europe) Limited,2018-08-08,0.0049,167700,2018-07-31 00:00:00,0.0058
3691,リアルワールド　普通株式,OXAM QUANT FUND LIMITED,2018-08-08,0.006500000000000001,22400,2018-08-07 00:00:00,0.006500000000000001
3696,セレス　普通株式,"Deutsche Bank Aktiengesellschaft, London 　ドイツ銀行ロンドン支店",2018-08-08,0.0108,123600,2018-07-30 00:00:00,0.0111
3719,ジェクシード　普通株式,"Deutsche Bank Aktiengesellschaft, London 　ドイツ銀行ロンドン支店",2018-08-08,0.006,112700,2018-08-07 00:00:00,0.006999999999999999
3719,ジェクシード　普通株式,JPM Securities Japan Co Ltd.,2018-08-08,0.026699999999999998,495100,2018-08-06 00:00:00,0.0273
3719,ジェクシード　普通株式,OXAM QUANT FUND LIMITED,2018-08-08,0.005500000000000001,102200,2018-08-07 00:00:00,0.005500000000000001
3765,ガンホー・オンライン・エンターテイメント　普通株式,モルガン・スタンレーMUFG証券株式会社,2018-08-09,0.033,31473497,2018-08-06 00:00:00,0.0325
3766,システムズ・デザイン　普通株式,JPM Securities Japan Co Ltd.,2018-08-08,0.0158,62600,2018-07-24 00:00:00,0.0172
3769,ＧＭＯペイメントゲートウェイ　普通株式,MERRILL LYNCH INTERNATIONAL,2018-08-08,0.0073,273722,2018-08-07 00:00:00,0.0074
3773,アドバンスト・メディア　普通株式,Nomura International plc,2018-08-08,0.0116,210600,2018-08-07 00:00:00,0.0159
3825,リミックスポイント　普通株式,Credit Suisse Securities (Europe) Limited,2018-08-08,0.0204,1168200,2018-08-07 00:00:00,0.018600000000000002
3842,ネクストジェン　普通株式,JPM Securities Japan Co Ltd.,2018-08-08,0.0049,10100,2018-08-03 00:00:00,0.005
3845,アイフリークモバイル　普通株式,JPM Securities Japan Co Ltd.,2018-08-08,0.0195,313000,2018-08-06 00:00:00,0.0216
3852,サイバーコム　普通株式,Nomura International plc,2018-08-08,0.0076,61600,2018-08-07 00:00:00,0.0088
3853,インフォテリア　普通株式,GOLDMAN SACHS INTERNATIONAL,2018-08-08,0.0177,310991,2018-08-03 00:00:00,0.018000000000000002
3853,インフォテリア　普通株式,Nomura International plc,2018-08-08,0.0173,302700,2018-08-07 00:00:00,0.0151
3853,インフォテリア　普通株式,UBS AG,2018-08-08,0.0069,122000,2018-08-06 00:00:00,0.0068
3858,ユビキタスＡＩコーポレーション　普通株式,JPM Securities Japan Co Ltd.,2018-08-08,0.0095,100003,2018-08-02 00:00:00,0.0104
3858,ユビキタスＡＩコーポレーション　普通株式,OXAM QUANT FUND LIMITED,2018-08-08,0.0076,79800,2018-08-07 00:00:00,0.0076
3863,日本製紙　普通株式,"Blue Mountain Credit Alternatives Master Fund, L.P.",2018-08-09,0.0049,565205,2018-07-18 00:00:00,0.0051
3900,クラウドワークス　普通株式,UBS AG,2018-08-08,0.0128,184300,2018-08-07 00:00:00,0.0129
3901,マークラインズ　普通株式,三菱ＵＦＪモルガン・スタンレー証券株式会社,2018-08-09,0.0121,159500,2018-08-08 00:00:00,0.0112
3904,カヤック　普通株式,JPM Securities Japan Co Ltd.,2018-08-08,0.0058,87700,2018-08-07 00:00:00,0.006
3905,データセクション　普通株式,"JANE STREET GLOBAL TRADING, LLC",2018-08-08,0.0072,84100,2018-08-06 00:00:00,0.006500000000000001
3905,データセクション　普通株式,OXAM QUANT FUND LIMITED,2018-08-08,0.0084,97000,2018-08-07 00:00:00,0.0084
3906,ＡＬＢＥＲＴ　普通株式,OXAM QUANT FUND LIMITED,2018-08-08,0.006500000000000001,18300,2018-08-07 00:00:00,0.006500000000000001
3913,ｓＭｅｄｉｏ　普通株式,OXAM QUANT FUND LIMITED,2018-08-08,0.0064,12900,2018-08-07 00:00:00,0.0064
3917,アイリッジ　普通株式,Credit Suisse Securities (Europe) Limited,2018-08-08,0.005,32900,2018-08-03 00:00:00,0.0049
3927,アークン　普通株式,"Deutsche Bank Aktiengesellschaft, London 　ドイツ銀行ロンドン支店",2018-08-08,0.0051,23000,2018-08-06 00:00:00,0.0069
3927,アークン　普通株式,JPM Securities Japan Co Ltd.,2018-08-08,0.0144,64500,2018-08-07 00:00:00,0.015
3927,アークン　普通株式,OXAM QUANT FUND LIMITED,2018-08-08,0.0054,23900,2018-08-07 00:00:00,0.0054
3930,はてな　普通株式,ＳＭＢＣ日興証券株式会社,2018-08-09,0.0163,46600,2018-07-26 00:00:00,0.0142
3932,アカツキ　普通株式,Integrated Core Strategies (Asia) Pte. Ltd.,2018-08-08,0.006,83123,2018-08-07 00:00:00,0.005600000000000001
3935,エディア　普通株式,JPM Securities Japan Co Ltd.,2018-08-08,0.018500000000000003,88900,2018-08-07 00:00:00,0.0209
3965,キャピタル・アセット・プランニング　普通株式,OXAM QUANT FUND LIMITED,2018-08-08,0.0052,13600,2018-08-07 00:00:00,0.0052
3967,エルテス　普通株式,OXAM QUANT FUND LIMITED,2018-08-08,0.0068,35100,2018-08-07 00:00:00,0.0068
3981,ビーグリー　普通株式,"Deutsche Bank Aktiengesellschaft, London 　ドイツ銀行ロンドン支店",2018-08-08,0.0048,29800,2018-08-06 00:00:00,0.0051
3989,シェアリングテクノロジー　普通株式,Credit Suisse Securities (Europe) Limited,2018-08-08,0.0052,96600,2018-08-07 00:00:00,0.0040999999999999995
3993,ＰＫＳＨＡ　Ｔｅｃｈｎｏｌｏｇｙ　普通株式,GOLDMAN SACHS INTERNATIONAL,2018-08-08,0.0053,69643,2018-07-10 00:00:00,0.0037
3998,すららネット　普通株式,OXAM QUANT FUND LIMITED,2018-08-08,0.005,6300,2018-08-07 00:00:00,0.0044
3998,すららネット　普通株式,モルガン・スタンレーMUFG証券株式会社,2018-08-09,0.0079,10000,2018-08-08 00:00:00,0.006
4004,昭和電工　普通株式,MERRILL LYNCH INTERNATIONAL,2018-08-08,0.0088,1332177,2018-08-07 00:00:00,0.0086
4028,石原産業　普通株式,モルガン・スタンレーMUFG証券株式会社,2018-08-09,0.005,203832,2018-08-01 00:00:00,0.0045000000000000005
4043,トクヤマ　普通株式,Integrated Core Strategies (Asia) Pte. Ltd.,2018-08-08,0.005,354991,2018-08-01 00:00:00,0.0040999999999999995
4062,イビデン　普通株式,GOLDMAN SACHS INTERNATIONAL,2018-08-08,0.01,1418010,2018-08-07 00:00:00,0.011000000000000001
4082,第一稀元素化学工業　普通株式,"Deutsche Bank Aktiengesellschaft, London 　ドイツ銀行ロンドン支店",2018-08-08,0.0054,132300,2018-08-07 00:00:00,0.0070999999999999995
4098,チタン工業　普通株式,OXAM QUANT FUND LIMITED,2018-08-08,0.0059,18000,2018-08-07 00:00:00,0.0059
4109,ステラ　ケミファ　普通株式,GOLDMAN SACHS INTERNATIONAL,2018-08-08,0.0069,91567,2018-08-07 00:00:00,0.006999999999999999
4109,ステラ　ケミファ　普通株式,JPM Securities Japan Co Ltd.,2018-08-08,0.0043,57362,2018-08-03 00:00:00,0.005
4109,ステラ　ケミファ　普通株式,Nomura International plc,2018-08-08,0.001,14300,2018-08-06 00:00:00,0.005600000000000001
4109,ステラ　ケミファ　普通株式,UBS AG,2018-08-08,0.0079,104500,2018-08-01 00:00:00,0.0092
4222,児玉化学工業　普通株式,OXAM QUANT FUND LIMITED,2018-08-08,0.0124,462000,2018-08-07 00:00:00,0.0124
4235,ウルトラファブリックス・ホールディングス　普通株式,Credit Suisse Securities (Europe) Limited,2018-08-08,0.0059,40700,2018-07-24 00:00:00,0.0069
4235,ウルトラファブリックス・ホールディングス　普通株式,"Deutsche Bank Aktiengesellschaft, London 　ドイツ銀行ロンドン支店",2018-08-08,0.0049,33500,2018-08-07 00:00:00,0.005
4284,ソルクシーズ　普通株式,GOLDMAN SACHS INTERNATIONAL,2018-08-08,0.0084,112900,2018-07-31 00:00:00,0.0091
4287,ジャストプランニング　普通株式,Credit Suisse Securities (Europe) Limited,2018-08-08,0.008,101400,2018-08-07 00:00:00,0.0034999999999999996
4287,ジャストプランニング　普通株式,"Deutsche Bank Aktiengesellschaft, London 　ドイツ銀行ロンドン支店",2018-08-08,0.0059,75600,2018-08-07 00:00:00,0.0097
4287,ジャストプランニング　普通株式,UBS AG,2018-08-08,0.0107,136700,2018-08-07 00:00:00,0.0117
4293,セプテーニ・ホールディングス　普通株式,"Deutsche Bank Aktiengesellschaft, London 　ドイツ銀行ロンドン支店",2018-08-08,0.0079,1105425,2018-08-06 00:00:00,0.009899999999999999
4316,ビーマップ　普通株式,OXAM QUANT FUND LIMITED,2018-08-08,0.0076,24500,2018-08-07 00:00:00,0.0076
4331,テイクアンドギヴ・ニーズ　普通株式,"Deutsche Bank Aktiengesellschaft, London 　ドイツ銀行ロンドン支店",2018-08-08,0.011200000000000002,146980,2018-08-06 00:00:00,0.0102
4331,テイクアンドギヴ・ニーズ　普通株式,GOLDMAN SACHS INTERNATIONAL,2018-08-08,0.0070999999999999995,93210,2018-07-26 00:00:00,0.0063
4331,テイクアンドギヴ・ニーズ　普通株式,モルガン・スタンレーMUFG証券株式会社,2018-08-09,0.013000000000000001,170513,2018-08-08 00:00:00,0.0128
4344,ソースネクスト　普通株式,GOLDMAN SACHS INTERNATIONAL,2018-08-08,0.019799999999999998,1329700,2018-08-06 00:00:00,0.0208
4344,ソースネクスト　普通株式,Nomura International plc,2018-08-08,0.0182,1225800,2018-08-03 00:00:00,0.019799999999999998
4344,ソースネクスト　普通株式,UBS AG,2018-08-08,0.0068,457600,2018-08-07 00:00:00,0.0067
4369,トリケミカル研究所　普通株式,"Deutsche Bank Aktiengesellschaft, London 　ドイツ銀行ロンドン支店",2018-08-08,0.0078000000000000005,61500,2018-06-13 00:00:00,0.008199999999999999
4461,第一工業製薬　普通株式,モルガン・スタンレーMUFG証券株式会社,2018-08-09,0.0073,391000,2018-07-20 00:00:00,0.006500000000000001
4502,武田薬品工業　普通株式,Societe Generale,2018-08-08,0.0063,5085992,2018-08-07 00:00:00,0.0069
4502,武田薬品工業　普通株式,Societe Generale,2018-08-09,0.0064,5090533,2018-08-08 00:00:00,0.0063
4544,みらかホールディングス　普通株式,Credit Suisse Securities (Europe) Limited,2018-08-08,0.0063,365627,2018-08-06 00:00:00,0.0053
4563,アンジェス　普通株式,Nomura International plc,2018-08-08,0.0032,281800,2018-08-06 00:00:00,0.005600000000000001
4570,免疫生物研究所　普通株式,JPM Securities Japan Co Ltd.,2018-08-08,0.0108,91000,2018-08-01 00:00:00,0.0118
4570,免疫生物研究所　普通株式,UBS AG,2018-08-08,0.0123,103700,2018-07-26 00:00:00,0.0131
4571,ナノキャリア　普通株式,JPM Securities Japan Co Ltd.,2018-08-08,0.0055000000000000005,255353,2018-08-01 00:00:00,0.004
4571,ナノキャリア　普通株式,UBS AG,2018-08-08,0.0054,250500,2018-08-07 00:00:00,0.0053
4576,デ・ウエスタン・セラピテクス研究所　普通株式,OXAM QUANT FUND LIMITED,2018-08-08,0.0067,175200,2018-08-07 00:00:00,0.0067
4579,ラクオリア創薬　普通株式,GOLDMAN SACHS INTERNATIONAL,2018-08-08,0.0088,180100,2018-07-23 00:00:00,0.009000000000000001
4579,ラクオリア創薬　普通株式,Nomura International plc,2018-08-08,0.0179,366200,2018-08-03 00:00:00,0.018799999999999997
4585,ＵＭＮファーマ　普通株式,Credit Suisse Securities (Europe) Limited,2018-08-08,0.0092,118828,2018-08-06 00:00:00,0.0087
4586,メドレックス　普通株式,Nomura International plc,2018-08-08,0.0075,77300,2018-08-07 00:00:00,0.0088
4586,メドレックス　普通株式,OXAM QUANT FUND LIMITED,2018-08-08,0.0105,107200,2018-08-07 00:00:00,0.0105
4586,メドレックス　普通株式,モルガン・スタンレーMUFG証券株式会社,2018-08-09,0.005,51400,2018-07-19 00:00:00,0.0044
4587,ペプチドリーム　普通株式,Credit Suisse Securities (Europe) Limited,2018-08-08,0.0089,1095729,2018-08-01 00:00:00,0.0096
4587,ペプチドリーム　普通株式,モルガン・スタンレーMUFG証券株式会社,2018-08-09,0.0158,1939615,2018-08-07 00:00:00,0.0143
4588,オンコリスバイオファーマ　普通株式,Credit Suisse Securities (Europe) Limited,2018-08-08,0.0045000000000000005,54204,2018-08-07 00:00:00,0.0052
4588,オンコリスバイオファーマ　普通株式,OXAM QUANT FUND LIMITED,2018-08-08,0.0108,128400,2018-08-07 00:00:00,0.0108
4594,ブライトパス・バイオ　普通株式,Credit Suisse Securities (Europe) Limited,2018-08-08,0.0059,250476,2018-06-29 00:00:00,0.0069
4594,ブライトパス・バイオ　普通株式,JPM Securities Japan Co Ltd.,2018-08-08,0.0204,857000,2018-08-03 00:00:00,0.0218
4613,関西ペイント　普通株式,MERRILL LYNCH INTERNATIONAL,2018-08-08,0.0053,1463303,2018-08-07 00:00:00,0.0054
4617,中国塗料　普通株式,Integrated Core Strategies (Asia) Pte. Ltd.,2018-08-08,0.005600000000000001,388400,2018-08-06 00:00:00,0.0040999999999999995
4689,ヤフー　普通株式,Credit Suisse Securities (Europe) Limited,2018-08-08,0.0091,52014302,2018-08-02 00:00:00,0.0089
4728,トーセ　普通株式,GOLDMAN SACHS INTERNATIONAL,2018-08-08,0.006999999999999999,55065,2018-06-21 00:00:00,0.0069
4755,楽天　普通株式,MERRILL LYNCH INTERNATIONAL,2018-08-08,0.0083,11995134,2018-08-07 00:00:00,0.0084
4783,日本コンピュータ・ダイナミクス　普通株式,"Deutsche Bank Aktiengesellschaft, London 　ドイツ銀行ロンドン支店",2018-08-08,0.0087,77200,2018-07-30 00:00:00,0.0092
4783,日本コンピュータ・ダイナミクス　普通株式,JPM Securities Japan Co Ltd.,2018-08-08,0.0049,43300,2018-08-07 00:00:00,0.005
5202,日本板硝子　普通株式,Nomura International plc,2018-08-08,0.0085,774100,2018-08-07 00:00:00,0.0097
5218,オハラ　普通株式,GOLDMAN SACHS INTERNATIONAL,2018-08-08,0.0048,122321,2018-07-25 00:00:00,0.0058
5232,住友大阪セメント　普通株式,Integrated Core Strategies (Asia) Pte. Ltd.,2018-08-08,0.011000000000000001,4494417,2018-08-03 00:00:00,0.01
5301,東海カーボン　普通株式,GOLDMAN SACHS INTERNATIONAL,2018-08-08,0.025699999999999997,5792240,2018-08-02 00:00:00,0.0264
5301,東海カーボン　普通株式,MERRILL LYNCH INTERNATIONAL,2018-08-08,0.0219,4930097,2018-08-07 00:00:00,0.0206
5301,東海カーボン　普通株式,UBS AG,2018-08-08,0.0069,1566824,2018-08-07 00:00:00,0.006
5341,アサヒ衛陶　普通株式,OXAM QUANT FUND LIMITED,2018-08-08,0.006500000000000001,9700,2018-08-07 00:00:00,0.006500000000000001
5357,ヨータイ　普通株式,GOLDMAN SACHS INTERNATIONAL,2018-08-08,0.0069,176957,2018-08-03 00:00:00,0.0070999999999999995
5381,Ｍｉｐｏｘ　普通株式,OXAM QUANT FUND LIMITED,2018-08-08,0.0134,157700,2018-08-07 00:00:00,0.0134
5541,大平洋金属　普通株式,OXAM QUANT FUND LIMITED,2018-08-08,0.0119,233900,2018-08-07 00:00:00,0.0119
5563,新日本電工　普通株式,モルガン・スタンレーMUFG証券株式会社,2018-08-09,0.006,892801,2018-08-08 00:00:00,0.005699999999999999
5704,ＪＭＣ　普通株式,Barclays Capital Securities Ltd,2018-08-08,0.0063,16500,2018-08-06 00:00:00,0.0054
5704,ＪＭＣ　普通株式,Credit Suisse Securities (Europe) Limited,2018-08-08,0.0046,12100,2018-08-07 00:00:00,0.0141
5704,ＪＭＣ　普通株式,JPM Securities Japan Co Ltd.,2018-08-08,0.0336,87600,2018-08-03 00:00:00,0.031200000000000002
5726,大阪チタニウムテクノロジーズ　普通株式,GOLDMAN SACHS INTERNATIONAL,2018-08-08,0.0058,214763,2018-07-06 00:00:00,0.0069
5727,東邦チタニウム　普通株式,JPM Securities Japan Co Ltd.,2018-08-08,0.009000000000000001,647883,2018-07-23 00:00:00,0.008100000000000001
5741,ＵＡＣＪ　普通株式,"Deutsche Bank Aktiengesellschaft, London 　ドイツ銀行ロンドン支店",2018-08-08,0.0049,240699,2018-07-26 00:00:00,0.0059
5741,ＵＡＣＪ　普通株式,GOLDMAN SACHS INTERNATIONAL,2018-08-08,0.0049,238431,2018-08-02 00:00:00,0.0054
5741,ＵＡＣＪ　普通株式,UBS AG,2018-08-08,0.0053,260700,2018-08-07 00:00:00,0.0056
5974,中国工業　普通株式,ＳＭＢＣ日興証券株式会社,2018-08-09,0.0102,34900,2018-08-07 00:00:00,0.0091
5981,東京製綱　普通株式,Integrated Core Strategies (Asia) Pte. Ltd.,2018-08-08,0.0052,85033,2018-08-07 00:00:00,0.0044
6034,ＭＲＴ　普通株式,Nomura International plc,2018-08-08,0.0055000000000000005,31500,2018-08-07 00:00:00,0.0068000000000000005
6034,ＭＲＴ　普通株式,OXAM QUANT FUND LIMITED,2018-08-08,0.0073,41400,2018-08-07 00:00:00,0.0073
6047,Ｇｕｎｏｓｙ　普通株式,UBS AG,2018-08-08,0.0076,177900,2018-08-06 00:00:00,0.0084
6050,イー・ガーディアン　普通株式,Integrated Core Strategies (Asia) Pte. Ltd.,2018-08-08,0.009000000000000001,94152,2018-08-06 00:00:00,0.008100000000000001
6050,イー・ガーディアン　普通株式,Nomura International plc,2018-08-08,0.0108,112800,2018-08-07 00:00:00,0.0124
6050,イー・ガーディアン　普通株式,UBS AG,2018-08-08,0.008,83600,2018-08-07 00:00:00,0.0083
6050,イー・ガーディアン　普通株式,モルガン・スタンレーMUFG証券株式会社,2018-08-09,0.018600000000000002,193600,2018-08-08 00:00:00,0.0199
6058,ベクトル　普通株式,"Deutsche Bank Aktiengesellschaft, London 　ドイツ銀行ロンドン支店",2018-08-08,0.0048,223800,2018-07-30 00:00:00,0.005
6077,Ｎ・フィールド　普通株式,"Deutsche Bank Aktiengesellschaft, London 　ドイツ銀行ロンドン支店",2018-08-08,0.0069,91600,2018-08-03 00:00:00,0.0070999999999999995
6079,エナリス　普通株式,Nomura International plc,2018-08-08,0.0079,385600,2018-08-07 00:00:00,0.0051
6090,ヒューマン・メタボローム・テクノロジーズ　普通株式,OXAM QUANT FUND LIMITED,2018-08-08,0.0086,50100,2018-08-07 00:00:00,0.0086
6103,オークマ　　普通株式,Integrated Core Strategies (Asia) Pte. Ltd.,2018-08-08,0.0051,174607,2018-08-03 00:00:00,0.0040999999999999995
6103,オークマ　　普通株式,MERRILL LYNCH INTERNATIONAL,2018-08-08,0.0059,199398,2018-08-03 00:00:00,0.0035
6140,旭ダイヤモンド工業　普通株式,Integrated Core Strategies (Asia) Pte. Ltd.,2018-08-08,0.0074,414494,2018-08-06 00:00:00,0.006500000000000001
6141,ＤＭＧ森精機　普通株式,Credit Suisse Securities (Europe) Limited,2018-08-08,0.011399999999999999,1440027,2018-08-06 00:00:00,0.012
6141,ＤＭＧ森精機　普通株式,MERRILL LYNCH INTERNATIONAL,2018-08-08,0.0062,789280,2018-08-07 00:00:00,0.0038
6141,ＤＭＧ森精機　普通株式,モルガン・スタンレーMUFG証券株式会社,2018-08-09,0.009000000000000001,1136703,2018-08-06 00:00:00,0.0118
6145,日特エンジニアリング　普通株式,Nomura International plc,2018-08-08,0.006,110000,2018-08-06 00:00:00,0.0055000000000000005
6166,中村超硬　普通株式,Integrated Core Strategies (Asia) Pte. Ltd.,2018-08-08,0.011000000000000001,55500,2018-07-26 00:00:00,0.01
6172,メタップス　普通株式,GOLDMAN SACHS INTERNATIONAL,2018-08-08,0.018799999999999997,253437,2018-07-31 00:00:00,0.019799999999999998
6172,メタップス　普通株式,Nomura International plc,2018-08-08,0.05,673400,2018-08-06 00:00:00,0.0499
6172,メタップス　普通株式,UBS AG,2018-08-08,0.0074,100300,2018-07-25 00:00:00,0.0073
6175,ネットマーケティング　普通株式,GOLDMAN SACHS INTERNATIONAL,2018-08-08,0.0111,162738,2018-08-03 00:00:00,0.0084
6175,ネットマーケティング　普通株式,モルガン・スタンレーMUFG証券株式会社,2018-08-09,0.0128,187600,2018-08-08 00:00:00,0.0111
6193,バーチャレクス・ホールディングス　普通株式,OXAM QUANT FUND LIMITED,2018-08-08,0.0062,18100,2018-08-07 00:00:00,0.0062
6193,バーチャレクス・ホールディングス　普通株式,モルガン・スタンレーMUFG証券株式会社,2018-08-09,0.0098,28902,2018-08-03 00:00:00,0.0108
6203,豊和工業　普通株式,MERRILL LYNCH INTERNATIONAL,2018-08-08,0.0049,62000,2018-08-07 00:00:00,0.0051
6218,エンシュウ　普通株式,Credit Suisse Securities (Europe) Limited,2018-08-08,0.0060999999999999995,388500,2018-07-25 00:00:00,0.0055000000000000005
6218,エンシュウ　普通株式,Nomura International plc,2018-08-08,0.0049,316000,2018-08-06 00:00:00,0.0058
6218,エンシュウ　普通株式,OXAM QUANT FUND LIMITED,2018-08-08,0.0072,459000,2018-08-07 00:00:00,0.0072
6246,テクノスマート　普通株式,MERRILL LYNCH INTERNATIONAL,2018-08-08,0.0048,60200,2018-08-07 00:00:00,0.005
6256,ニューフレアテクノロジー　普通株式,Integrated Core Strategies (Asia) Pte. Ltd.,2018-08-08,0.0045000000000000005,54400,2018-08-06 00:00:00,0.005
6258,平田機工　普通株式,JPM Securities Japan Co Ltd.,2018-08-08,0.009899999999999999,106796,2018-08-06 00:00:00,0.0109
6292,カワタ　普通株式,"Deutsche Bank Aktiengesellschaft, London 　ドイツ銀行ロンドン支店",2018-08-08,0.0069,50400,2018-08-06 00:00:00,0.0086
6298,ワイエイシイホールディングス　普通株式,Credit Suisse Securities (Europe) Limited,2018-08-08,0.0113,109869,2018-07-26 00:00:00,0.0109
6315,ＴＯＷＡ　普通株式,Nomura International plc,2018-08-08,0.0092,231300,2018-08-03 00:00:00,0.0088
6315,ＴＯＷＡ　普通株式,モルガン・スタンレーMUFG証券株式会社,2018-08-09,0.0052,131087,2018-08-07 00:00:00,0.0031
6335,東京機械製作所　普通株式,OXAM QUANT FUND LIMITED,2018-08-08,0.0059,53000,2018-08-07 00:00:00,0.0059
6366,千代田化工建設　普通株式,モルガン・スタンレーMUFG証券株式会社,2018-08-09,0.0104,2722448,2018-08-08 00:00:00,0.0073
6400,不二精機　普通株式,"Deutsche Bank Aktiengesellschaft, London 　ドイツ銀行ロンドン支店",2018-08-08,0.0089,80600,2018-07-27 00:00:00,0.009000000000000001
6400,不二精機　普通株式,JPM Securities Japan Co Ltd.,2018-08-08,0.005600000000000001,51000,2018-07-12 00:00:00,0.0060999999999999995
6425,ユニバーサルエンターテインメント　普通株式,Credit Suisse Securities (Europe) Limited,2018-08-08,0.015,1207565,2018-08-06 00:00:00,0.013999999999999999
6430,ダイコク電機　普通株式,ＳＭＢＣ日興証券株式会社,2018-08-09,0.0094,139700,2018-08-08 00:00:00,0.0089
6444,サンデンホールディングス　普通株式,Integrated Core Strategies (Asia) Pte. Ltd.,2018-08-08,0.0053,150726,2018-08-02 00:00:00,0.0040999999999999995
6472,ＮＴＮ　普通株式,Credit Suisse Securities (Europe) Limited,2018-08-08,0.0072,3837350,2018-08-02 00:00:00,0.006
6474,不二越　普通株式,Integrated Core Strategies (Asia) Pte. Ltd.,2018-08-08,0.005,125200,2018-07-25 00:00:00,0.0042
6480,日本トムソン　普通株式,Integrated Core Strategies (Asia) Pte. Ltd.,2018-08-08,0.0077,570373,2018-08-07 00:00:00,0.0098
6494,ＮＦＫホールディングス　普通株式,Credit Suisse Securities (Europe) Limited,2018-08-08,0.017,524700,2018-07-30 00:00:00,0.016
6494,ＮＦＫホールディングス　普通株式,"Deutsche Bank Aktiengesellschaft, London 　ドイツ銀行ロンドン支店",2018-08-08,0.0088,271500,2018-07-30 00:00:00,0.009300000000000001
6494,ＮＦＫホールディングス　普通株式,JPM Securities Japan Co Ltd.,2018-08-08,0.0258,795400,2018-08-03 00:00:00,0.026699999999999998
6494,ＮＦＫホールディングス　普通株式,OXAM QUANT FUND LIMITED,2018-08-08,0.0168,515300,2018-08-07 00:00:00,0.0168
6502,東芝　普通株式,MERRILL LYNCH INTERNATIONAL,2018-08-08,0.0067,43832620,2018-08-07 00:00:00,0.0066
6505,東洋電機製造　普通株式,Credit Suisse Securities (Europe) Limited,2018-08-08,0.0058,56857,2018-07-20 00:00:00,0.0069
6506,安川電機　普通株式,MERRILL LYNCH INTERNATIONAL,2018-08-08,0.007,1868789,2018-08-07 00:00:00,0.0072
6506,安川電機　普通株式,モルガン・スタンレーMUFG証券株式会社,2018-08-09,0.009300000000000001,2489709,2018-08-06 00:00:00,0.0074
6507,シンフォニアテクノロジー　普通株式,Nomura International plc,2018-08-08,0.0048,720000,2018-08-07 00:00:00,0.0054
6531,リファインバース　普通株式,OXAM QUANT FUND LIMITED,2018-08-08,0.007800000000000001,23300,2018-08-07 00:00:00,0.007800000000000001
6541,グレイステクノロジー　普通株式,Integrated Core Strategies (Asia) Pte. Ltd.,2018-08-08,0.005,68500,2018-08-06 00:00:00,0.0032
6561,ＨＡＮＡＴＯＵＲ　ＪＡＰＡＮ　普通株式,GOLDMAN SACHS INTERNATIONAL,2018-08-08,0.005699999999999999,63000,2018-08-06 00:00:00,0.0043
6571,キュービーネットホールディングス　普通株式,Barclays Capital Securities Ltd,2018-08-08,0.0049,61600,2018-08-02 00:00:00,0.0051
6617,東光高岳　普通株式,Integrated Core Strategies (Asia) Pte. Ltd.,2018-08-08,0.0069,112900,2018-07-30 00:00:00,0.0075
6619,ダブル・スコープ　普通株式,Credit Suisse Securities (Europe) Limited,2018-08-08,0.0052,165220,2018-08-02 00:00:00,0.006500000000000001
6619,ダブル・スコープ　普通株式,JPM Securities Japan Co Ltd.,2018-08-08,0.011899999999999999,374205,2018-07-19 00:00:00,0.012
6627,テラプローブ　普通株式,OXAM QUANT FUND LIMITED,2018-08-08,0.0052,48600,2018-08-07 00:00:00,0.0052
6628,オンキヨー　普通株式,OXAM QUANT FUND LIMITED,2018-08-08,0.0086,896700,2018-08-07 00:00:00,0.0086
6630,ヤーマン　普通株式,JPM Securities Japan Co Ltd.,2018-08-08,0.0079,462148,2018-07-30 00:00:00,0.008100000000000001
6632,ＪＶＣケンウッド　普通株式,Integrated Core Strategies (Asia) Pte. Ltd.,2018-08-08,0.0072,1019642,2018-08-03 00:00:00,0.0089
6634,ネクスグループ　普通株式,Credit Suisse Securities (Europe) Limited,2018-08-08,0.0059,89700,2018-08-01 00:00:00,0.0069
6652,ＩＤＥＣ　普通株式,"Deutsche Bank Aktiengesellschaft, London 　ドイツ銀行ロンドン支店",2018-08-08,0.004699999999999999,159100,2018-07-31 00:00:00,0.005699999999999999
6652,ＩＤＥＣ　普通株式,Integrated Core Strategies (Asia) Pte. Ltd.,2018-08-08,0.008,268673,2018-08-01 00:00:00,0.0073
6652,ＩＤＥＣ　普通株式,JPM Securities Japan Co Ltd.,2018-08-08,0.0069,232471,2018-08-07 00:00:00,0.006999999999999999
6662,ユビテック　普通株式,OXAM QUANT FUND LIMITED,2018-08-08,0.0076,112000,2018-08-07 00:00:00,0.0076
6755,富士通ゼネラル　普通株式,Credit Suisse Securities (Europe) Limited,2018-08-08,0.0049,537390,2018-08-07 00:00:00,0.005
6768,タムラ製作所　普通株式,Integrated Core Strategies (Asia) Pte. Ltd.,2018-08-08,0.0062,514900,2018-08-06 00:00:00,0.008100000000000001
6771,池上通信機　普通株式,OXAM QUANT FUND LIMITED,2018-08-08,0.0062,450000,2018-08-07 00:00:00,0.0063
6773,パイオニア　普通株式,"Deutsche Bank Aktiengesellschaft, London 　ドイツ銀行ロンドン支店",2018-08-08,0.011000000000000001,4252159,2018-08-07 00:00:00,0.0127
6773,パイオニア　普通株式,ERIM LLP,2018-08-09,0.0078,2990300,2018-07-31 00:00:00,0.0079
6773,パイオニア　普通株式,Integrated Core Strategies (Asia) Pte. Ltd.,2018-08-08,0.0235,9014550,2018-08-06 00:00:00,0.0256
6773,パイオニア　普通株式,JPM Securities Japan Co Ltd.,2018-08-08,0.010700000000000001,4115416,2018-08-07 00:00:00,0.0113
6773,パイオニア　普通株式,MERRILL LYNCH INTERNATIONAL,2018-08-08,0.0084,3250473,2018-08-07 00:00:00,0.0086
6773,パイオニア　普通株式,Nomura International plc,2018-08-08,0.0066,2567400,2018-08-03 00:00:00,0.0053
6773,パイオニア　普通株式,モルガン・スタンレーMUFG証券株式会社,2018-08-09,0.0060999999999999995,2364445,2018-08-08 00:00:00,0.0074
6775,ＴＢグループ　普通株式,OXAM QUANT FUND LIMITED,2018-08-08,0.005500000000000001,483000,2018-08-07 00:00:00,0.005500000000000001
6779,日本電波工業　普通株式,Integrated Core Strategies (Asia) Pte. Ltd.,2018-08-08,0.0083,174100,2018-08-03 00:00:00,0.006500000000000001
6779,日本電波工業　普通株式,Nomura International plc,2018-08-08,0.0121,251800,2018-08-02 00:00:00,0.0113
6787,メイコー　普通株式,"Deutsche Bank Aktiengesellschaft, London 　ドイツ銀行ロンドン支店",2018-08-08,0.0048,129100,2018-07-25 00:00:00,0.0058
6803,ティアック　普通株式,Nomura International plc,2018-08-08,0.0051,1490000,2018-08-07 00:00:00,0.0049
6803,ティアック　普通株式,UBS AG,2018-08-08,0.0074,2144000,2018-06-19 00:00:00,0.0073
6803,ティアック　普通株式,モルガン・スタンレーMUFG証券株式会社,2018-08-09,0.0079,2293000,2018-08-07 00:00:00,0.0083
6803,ティアック　普通株式,個人,2018-08-08,0.0051,1500000,,
6803,ティアック　普通株式,個人,2018-08-09,0,0,2018-08-08 00:00:00,0.0069
6806,ヒロセ電機　普通株式,Integrated Core Strategies (Asia) Pte. Ltd.,2018-08-08,0.0052,201610,2018-08-07 00:00:00,0.0043
6810,マクセルホールディングス　普通株式,Integrated Core Strategies (Asia) Pte. Ltd.,2018-08-08,0.0123,658200,2018-08-02 00:00:00,0.013000000000000001
6816,アルパイン　普通株式,MERRILL LYNCH INTERNATIONAL,2018-08-08,0.0092,642089,2018-08-01 00:00:00,0.0091
6816,アルパイン　普通株式,みずほ証券株式会社,2018-08-08,0.0108,756579,2018-08-01 00:00:00,0.0112
6817,スミダコーポレーション　普通株式,GOLDMAN SACHS INTERNATIONAL,2018-08-08,0.0046,126362,2018-08-03 00:00:00,0.0055000000000000005
6817,スミダコーポレーション　普通株式,JPM Securities Japan Co Ltd.,2018-08-08,0.0052,143278,2018-08-02 00:00:00,0.0045000000000000005
6817,スミダコーポレーション　普通株式,MERRILL LYNCH INTERNATIONAL,2018-08-08,0.0132,362526,2018-08-07 00:00:00,0.0131
6839,船井電機　普通株式,MERRILL LYNCH INTERNATIONAL,2018-08-08,0.0209,755320,2018-08-07 00:00:00,0.0211
6839,船井電機　普通株式,UBS AG,2018-08-08,0.0067,242300,2018-08-03 00:00:00,0.0066
6840,ＡＫＩＢＡホールディングス　普通株式,OXAM QUANT FUND LIMITED,2018-08-08,0.007800000000000001,72000,2018-08-07 00:00:00,0.007800000000000001
6855,日本電子材料　普通株式,"Deutsche Bank Aktiengesellschaft, London 　ドイツ銀行ロンドン支店",2018-08-08,0.0055000000000000005,59300,2018-08-07 00:00:00,0.009300000000000001
6857,アドバンテスト　普通株式,MERRILL LYNCH INTERNATIONAL,2018-08-08,0.0075,1509684,2018-08-06 00:00:00,0.0069
6875,メガチップス　普通株式,モルガン・スタンレーMUFG証券株式会社,2018-08-09,0.0064,149559,2018-08-08 00:00:00,0.0051
6882,三社電機製作所　普通株式,JPM Securities Japan Co Ltd.,2018-08-08,0.0079,118877,2018-08-03 00:00:00,0.008100000000000001
6890,フェローテックホールディングス　普通株式,"Deutsche Bank Aktiengesellschaft, London 　ドイツ銀行ロンドン支店",2018-08-08,0.0079,294500,2018-08-06 00:00:00,0.0088
6890,フェローテックホールディングス　普通株式,Integrated Core Strategies (Asia) Pte. Ltd.,2018-08-08,0.0073,272287,2018-08-02 00:00:00,0.0088
6899,ＡＳＴＩ　普通株式,OXAM QUANT FUND LIMITED,2018-08-08,0.0059,20300,2018-08-07 00:00:00,0.0059
6914,オプテックスグループ　普通株式,モルガン・スタンレーMUFG証券株式会社,2018-08-09,0.0125,475272,2018-08-08 00:00:00,0.011899999999999999
6941,山一電機　普通株式,Citigroup Global Markets Limited,2018-08-08,0.0034,79800,2018-07-06 00:00:00,0.0051
6952,カシオ計算機　普通株式,MERRILL LYNCH INTERNATIONAL,2018-08-08,0.0103,2684744,2018-08-07 00:00:00,0.0105
6976,太陽誘電　普通株式,JPM Securities Japan Co Ltd.,2018-08-08,0.0068000000000000005,824474,2018-08-07 00:00:00,0.0074
6997,日本ケミコン　普通株式,UBS AG,2018-08-08,0.0095,156200,2018-08-07 00:00:00,0.0072
7003,三井Ｅ＆Ｓホールディングス　普通株式,BNP Paribas Arbitrage SNC,2018-08-08,0.0065,546559,2018-08-07 00:00:00,0.0058
7003,三井Ｅ＆Ｓホールディングス　普通株式,Nomura International plc,2018-08-08,0.0070999999999999995,593687,2018-08-07 00:00:00,0.0069
7003,三井Ｅ＆Ｓホールディングス　普通株式,UBS AG,2018-08-08,0.006,503373,2018-08-07 00:00:00,0.0061
7003,三井Ｅ＆Ｓホールディングス　普通株式,野村證券株式会社,2018-08-08,0.0053,442477,2018-08-07 00:00:00,0.0043
7011,三菱重工業　普通株式,Barclays Bank PLC,2018-08-08,0.0091,3082127,2018-08-06 00:00:00,0.0088
7172,ジャパンインベストメントアドバイザー　普通株式,野村證券株式会社,2018-08-08,0.009,271298,2018-08-07 00:00:00,0.0077
7187,ジェイリース　普通株式,JPM Securities Japan Co Ltd.,2018-08-08,0.009300000000000001,81700,2018-08-02 00:00:00,0.008
7187,ジェイリース　普通株式,UBS AG,2018-08-08,0.0048,42300,2018-08-07 00:00:00,0.0051
7220,武蔵精密工業　普通株式,Nomura International plc,2018-08-08,0.0128,402125,2018-08-06 00:00:00,0.0115
7239,タチエス　普通株式,UBS AG,2018-08-08,0.0084,306415,2018-08-06 00:00:00,0.0083
7414,小野建　普通株式,UBS AG,2018-08-08,0.0115,248700,2018-08-07 00:00:00,0.0114
7420,佐鳥電機　普通株式,Credit Suisse Securities (Europe) Limited,2018-08-08,0.005,91216,2018-07-19 00:00:00,0.0042
7516,コーナン商事　普通株式,MERRILL LYNCH INTERNATIONAL,2018-08-08,0.0127,442169,2018-08-06 00:00:00,0.0128
7519,五洋インテックス　普通株式,GOLDMAN SACHS INTERNATIONAL,2018-08-08,0.01,203000,2018-08-03 00:00:00,0.009000000000000001
7519,五洋インテックス　普通株式,UBS AG,2018-08-08,0.0055,113000,2018-08-07 00:00:00,0.0058
7581,サイゼリヤ　普通株式,Integrated Core Strategies (Asia) Pte. Ltd.,2018-08-08,0.0049,260800,2018-07-26 00:00:00,0.0051
7593,ＶＴホールディングス　普通株式,MERRILL LYNCH INTERNATIONAL,2018-08-08,0.0184,2205548,2018-08-07 00:00:00,0.0186
7593,ＶＴホールディングス　普通株式,UBS AG,2018-08-08,0.0117,1398500,2018-07-11 00:00:00,0.0116
7717,ブイ・テクノロジー　普通株式,"Deutsche Bank Aktiengesellschaft, London 　ドイツ銀行ロンドン支店",2018-08-08,0.0028000000000000004,14482,2018-08-03 00:00:00,0.0059
7717,ブイ・テクノロジー　普通株式,JPM Securities Japan Co Ltd.,2018-08-08,0.0040999999999999995,20897,2018-08-02 00:00:00,0.005699999999999999
7725,インターアクション　普通株式,UBS AG,2018-08-08,0.0083,83600,2018-08-07 00:00:00,0.0082
7725,インターアクション　普通株式,モルガン・スタンレーMUFG証券株式会社,2018-08-09,0.01,101162,2018-08-08 00:00:00,0.0097
7744,ノーリツ鋼機　普通株式,モルガン・スタンレーMUFG証券株式会社,2018-08-09,0.008100000000000001,293379,2018-07-26 00:00:00,0.0076
7776,セルシード　普通株式,UBS AG,2018-08-08,0.0051,58800,2018-08-07 00:00:00,0.0057
7777,スリー・ディー・マトリックス　普通株式,OXAM QUANT FUND LIMITED,2018-08-08,0.006500000000000001,156800,2018-08-07 00:00:00,0.006500000000000001
7779,ＣＹＢＥＲＤＹＮＥ　普通株式,"Deutsche Bank Aktiengesellschaft, London 　ドイツ銀行ロンドン支店",2018-08-08,0.0059,817700,2018-08-07 00:00:00,0.006
7779,ＣＹＢＥＲＤＹＮＥ　普通株式,Nomura International plc,2018-08-08,0.0131,1808315,2018-08-06 00:00:00,0.0124
7782,シンシア　普通株式,OXAM QUANT FUND LIMITED,2018-08-08,0.0084,57500,2018-08-07 00:00:00,0.0084
7826,フルヤ金属　普通株式,Citigroup Global Markets Limited,2018-08-08,0.007,51200,2018-06-29 00:00:00,0.0082
7836,アビックス　普通株式,"Deutsche Bank Aktiengesellschaft, London 　ドイツ銀行ロンドン支店",2018-08-08,0.0048,119600,2018-08-06 00:00:00,0.0058
7836,アビックス　普通株式,JPM Securities Japan Co Ltd.,2018-08-08,0.0239,585800,2018-07-26 00:00:00,0.0245
7836,アビックス　普通株式,Nomura International plc,2018-08-08,0.0018,44200,2018-08-07 00:00:00,0.0051
7844,マーベラス　普通株式,Credit Suisse Securities (Europe) Limited,2018-08-08,0.0137,736739,2018-08-06 00:00:00,0.0149
7888,三光合成　普通株式,野村證券株式会社,2018-08-08,0.0184,556100,2018-07-25 00:00:00,0.0216
7936,アシックス　普通株式,MERRILL LYNCH INTERNATIONAL,2018-08-08,0.0162,3241212,2018-08-07 00:00:00,0.0163
7956,ピジョン　普通株式,Societe Generale,2018-08-08,0.0038,470994,2018-08-07 00:00:00,0.0088
8028,ユニー・ファミリーマートホールディングス　普通株式,MERRILL LYNCH INTERNATIONAL,2018-08-08,0.0058,736680,2018-08-07 00:00:00,0.0066
8028,ユニー・ファミリーマートホールディングス　普通株式,Nomura International plc,2018-08-08,0.005,635806,2018-08-01 00:00:00,0.004
8028,ユニー・ファミリーマートホールディングス　普通株式,モルガン・スタンレーMUFG証券株式会社,2018-08-09,0.0073,928864,2018-08-03 00:00:00,0.006
8029,ルックホールディングス　普通株式,Integrated Core Strategies (Asia) Pte. Ltd.,2018-08-08,0.0101,77800,,
8050,セイコーホールディングス　普通株式,Integrated Core Strategies (Asia) Pte. Ltd.,2018-08-08,0.0074,309200,2018-08-06 00:00:00,0.005
8129,東邦ホールディングス　普通株式,Nomura International plc,2018-08-08,0.020499999999999997,1610192,2018-07-31 00:00:00,0.021400000000000002
8136,サンリオ　普通株式,GOLDMAN SACHS INTERNATIONAL,2018-08-08,0.0048,431808,2018-08-06 00:00:00,0.005699999999999999
8168,ケーヨー　普通株式,モルガン・スタンレーMUFG証券株式会社,2018-08-09,0.0138,903585,2018-08-08 00:00:00,0.013999999999999999
8226,理経　普通株式,OXAM QUANT FUND LIMITED,2018-08-08,0.0058,90100,2018-08-07 00:00:00,0.0058
8256,プロルート丸光　普通株式,JPM Securities Japan Co Ltd.,2018-08-08,0.0229,469300,2018-08-07 00:00:00,0.0245
8256,プロルート丸光　普通株式,Nomura International plc,2018-08-08,0.0051,106000,2018-08-06 00:00:00,0.0045000000000000005
8267,イオン　普通株式,GOLDMAN SACHS INTERNATIONAL,2018-08-08,0.0089,7836668,2018-07-27 00:00:00,0.009899999999999999
8418,山口フィナンシャルグループ　普通株式,J.P. MORGAN SECURITIES PLC,2018-08-08,0.0053,1403815,2018-07-25 00:00:00,0.004699999999999999
8473,ＳＢＩホールディングス　普通株式,"Aristeia Capital, L.L.C.",2018-08-08,0.0056,1259100,2018-08-07 00:00:00,0.0065
8473,ＳＢＩホールディングス　普通株式,Daiwa Capital Markets Europe Limited ,2018-08-09,0.0061,1373545,2018-07-25 00:00:00,0.0051
8473,ＳＢＩホールディングス　普通株式,Nomura International plc,2018-08-08,0.0189,4265917,2018-07-31 00:00:00,0.019
8508,Ｊトラスト　普通株式,MERRILL LYNCH INTERNATIONAL,2018-08-08,0.0072,818397,2018-08-07 00:00:00,0.0073
8698,マネックスグループ　普通株式,Credit Suisse Securities (Europe) Limited,2018-08-08,0.0066,1790050,2018-08-07 00:00:00,0.004699999999999999
8698,マネックスグループ　普通株式,GOLDMAN SACHS INTERNATIONAL,2018-08-08,0.030299999999999997,8194208,2018-08-07 00:00:00,0.0313
8698,マネックスグループ　普通株式,Nomura International plc,2018-08-08,0.0022,600114,2018-08-07 00:00:00,0.0066
8698,マネックスグループ　普通株式,モルガン・スタンレーMUFG証券株式会社,2018-08-09,0.016200000000000003,4381038,2018-08-02 00:00:00,0.0154
8705,岡藤ホールディングス　普通株式,JPM Securities Japan Co Ltd.,2018-08-08,0.0084,92500,2018-08-03 00:00:00,0.006999999999999999
8715,アニコム　ホールディングス　普通株式,モルガン・スタンレーMUFG証券株式会社,2018-08-09,0.0049,89322,2018-08-01 00:00:00,0.0052
8732,マネーパートナーズグループ　普通株式,"Deutsche Bank Aktiengesellschaft, London 　ドイツ銀行ロンドン支店",2018-08-08,0.004699999999999999,160600,2018-08-06 00:00:00,0.005
8783,ＧＦＡ　普通株式,MERRILL LYNCH INTERNATIONAL,2018-08-08,0.0049,48900,2018-08-06 00:00:00,0.0054
8783,ＧＦＡ　普通株式,UBS AG,2018-08-08,0.005,49200,2018-08-07 00:00:00,0.0055
8848,レオパレス２１　普通株式,Nomura International plc,2018-08-08,0.0163,4126200,2018-08-07 00:00:00,0.0155
8848,レオパレス２１　普通株式,モルガン・スタンレーMUFG証券株式会社,2018-08-09,0.0054,1385762,2018-08-08 00:00:00,0.0040999999999999995
8893,新日本建物　普通株式,Barclays Capital Securities Ltd,2018-08-08,0.005,100000,2018-07-30 00:00:00,0.0048
8897,タカラレーベン　普通株式,Nomura International plc,2018-08-08,0.004699999999999999,594100,2018-08-07 00:00:00,0.0055000000000000005
8909,シノケングループ　普通株式,モルガン・スタンレーMUFG証券株式会社,2018-08-09,0.0174,634892,2018-07-27 00:00:00,0.0189
9048,名古屋鉄道　普通株式,MERRILL LYNCH INTERNATIONAL,2018-08-08,0.0098,1881944,2018-08-06 00:00:00,0.0097
9101,日本郵船　普通株式,Barclays Capital Securities Ltd,2018-08-08,0.0053,901754,2018-07-31 00:00:00,0.0040999999999999995
9101,日本郵船　普通株式,Credit Suisse Securities (Europe) Limited,2018-08-08,0.0064,1095600,2018-08-06 00:00:00,0.0054
9107,川崎汽船　普通株式,"Deutsche Bank Aktiengesellschaft, London 　ドイツ銀行ロンドン支店",2018-08-08,0.0069,650691,2018-08-07 00:00:00,0.006999999999999999
9143,ＳＧホールディングス　普通株式,GOLDMAN SACHS INTERNATIONAL,2018-08-08,0.0049,1594607,2018-07-04 00:00:00,0.0059
9263,ビジョナリーホールディングス　普通株式,Credit Suisse Securities (Europe) Limited,2018-08-08,0.009000000000000001,2047900,2018-08-06 00:00:00,0.008199999999999999
9263,ビジョナリーホールディングス　普通株式,Integrated Core Strategies (Asia) Pte. Ltd.,2018-08-08,0.0101,2285000,2018-08-06 00:00:00,0.0051
9307,杉村倉庫　普通株式,JPM Securities Japan Co Ltd.,2018-08-08,0.009000000000000001,147100,2018-05-21 00:00:00,0.008
9413,テレビ東京ホールディングス　普通株式,Integrated Core Strategies (Asia) Pte. Ltd.,2018-08-08,0.0060999999999999995,177300,2018-08-06 00:00:00,0.0053
9419,ワイヤレスゲート　普通株式,UBS AG,2018-08-08,0.0101,108100,2018-08-07 00:00:00,0.01
9468,カドカワ　普通株式,Integrated Core Strategies (Asia) Pte. Ltd.,2018-08-08,0.013000000000000001,923207,2018-07-24 00:00:00,0.0121
9517,イーレックス　普通株式,Credit Suisse Securities (Europe) Limited,2018-08-08,0.005699999999999999,291545,2018-08-03 00:00:00,0.0031
9616,共立メンテナンス　普通株式,Nomura International plc,2018-08-08,0.0051,202811,2018-08-07 00:00:00,0.0049
9783,ベネッセホールディングス　普通株式,MERRILL LYNCH INTERNATIONAL,2018-08-08,0.0163,1672016,2018-08-06 00:00:00,0.0161
9861,吉野家ホールディングス　普通株式,Credit Suisse Securities (Europe) Limited,2018-08-08,0.008,521118,2018-08-03 00:00:00,0.0078000000000000005
9861,吉野家ホールディングス　普通株式,UBS AG,2018-08-08,0.0121,791600,2018-07-30 00:00:00,0.0128
9972,アルテック　普通株式,Barclays Capital Securities Ltd,2018-08-08,0.015,292072,2018-07-27 00:00:00,0.014199999999999999
9972,アルテック　普通株式,個人,2018-08-09,0.0058,113200,2018-08-08 00:00:00,0.0068
9973,小僧寿し　普通株式,モルガン・スタンレーMUFG証券株式会社,2018-08-09,0.0104,348800,2018-08-03 00:00:00,0.0113
